/*
Navicat MySQL Data Transfer

Source Server         : LOCAL_MY
Source Server Version : 50627
Source Host           : localhost:3306
Source Database       : graduation1

Target Server Type    : MYSQL
Target Server Version : 50627
File Encoding         : 65001

Date: 2018-04-20 13:37:50
*/

SET FOREIGN_KEY_CHECKS=0;

-- ----------------------------
-- Table structure for act_evt_log
-- ----------------------------
DROP TABLE IF EXISTS `act_evt_log`;
CREATE TABLE `act_evt_log` (
  `LOG_NR_` bigint(20) NOT NULL AUTO_INCREMENT,
  `TYPE_` varchar(64) COLLATE utf8_bin DEFAULT NULL,
  `PROC_DEF_ID_` varchar(64) COLLATE utf8_bin DEFAULT NULL,
  `PROC_INST_ID_` varchar(64) COLLATE utf8_bin DEFAULT NULL,
  `EXECUTION_ID_` varchar(64) COLLATE utf8_bin DEFAULT NULL,
  `TASK_ID_` varchar(64) COLLATE utf8_bin DEFAULT NULL,
  `TIME_STAMP_` timestamp(3) NOT NULL DEFAULT CURRENT_TIMESTAMP(3) ON UPDATE CURRENT_TIMESTAMP(3),
  `USER_ID_` varchar(255) COLLATE utf8_bin DEFAULT NULL,
  `DATA_` longblob,
  `LOCK_OWNER_` varchar(255) COLLATE utf8_bin DEFAULT NULL,
  `LOCK_TIME_` timestamp(3) NULL DEFAULT NULL,
  `IS_PROCESSED_` tinyint(4) DEFAULT '0',
  PRIMARY KEY (`LOG_NR_`)
) ENGINE=InnoDB DEFAULT CHARSET=utf8 COLLATE=utf8_bin;

-- ----------------------------
-- Records of act_evt_log
-- ----------------------------

-- ----------------------------
-- Table structure for act_ge_bytearray
-- ----------------------------
DROP TABLE IF EXISTS `act_ge_bytearray`;
CREATE TABLE `act_ge_bytearray` (
  `ID_` varchar(64) COLLATE utf8_bin NOT NULL DEFAULT '',
  `REV_` int(11) DEFAULT NULL,
  `NAME_` varchar(255) COLLATE utf8_bin DEFAULT NULL,
  `DEPLOYMENT_ID_` varchar(64) COLLATE utf8_bin DEFAULT NULL,
  `BYTES_` longblob,
  `GENERATED_` tinyint(4) DEFAULT NULL,
  PRIMARY KEY (`ID_`),
  KEY `ACT_FK_BYTEARR_DEPL` (`DEPLOYMENT_ID_`),
  CONSTRAINT `ACT_FK_BYTEARR_DEPL` FOREIGN KEY (`DEPLOYMENT_ID_`) REFERENCES `act_re_deployment` (`ID_`)
) ENGINE=InnoDB DEFAULT CHARSET=utf8 COLLATE=utf8_bin;

-- ----------------------------
-- Records of act_ge_bytearray
-- ----------------------------
INSERT INTO `act_ge_bytearray` VALUES ('37505', '1', 'LeaveBill1.png', '37504', 0x89504E470D0A1A0A0000000D49484452000004B3000001F60802000000044D594D00002B3549444154789CEDDD6F6C5DF57DF8716B85E1A14DF5B46EB1F604577B801F6CC45A2B258F160769C493B6D6D210F1F620BDD2A412548D56D3D49A4DC0B49245D3DA45538BE8D6326B13BF79AA02960A2C2B84792C500F42120801F327C56D083584C06571921BFF89CFEFF8DE72B9DC7FBE17DBE77B7BCEEBA58FD0CDF539C7E7F848E8FBD6BDF6ED8A000000C8B6AED0270000004060CA10000020EB9421000040D62943000080AC538600000059A70C010000B24E19020000649D32040000C83A650800009075CA10000020EB9421000040D62943000080AC538600000059A70C010000B24E19020000649D32040000C83A650800009075CA10000020EB9421000040D62943000080AC538600000059A70C010000B24E19020000649D32040000C83A650800009075CA10000020EB9421000040D62943000080AC538600000059A70C010000B24E19020000649D32040000C83A650800009075CA10000020EB9421000040D62943000080AC538600000059A70C010000B24E19020000649D3204D8708542616262E2CE3BEF1C1E1E1E7CDFD0D050FCCCF8F8783E9F0F7D820040D62943800D1407615C80DDDDDD7113C61DB87FFFFD8F1E7CAC340F3EF4F0EDB7DF313232D2D3D3B375EBD6B1B1B1D0270B0064973204D810C78E1D1B1C1C8C83302EC085C5A5E673E8892777EDFADCC0C0C0E4E464E8130700B2481902ACBFBD7BF7C699F7E8C1C7566DC2CA39FCCC916DDBB6EDDEBDBB502884BE0200205B9421C07A8AA36E6464647474B4AD26AC9C6FDE7DF7E0E0E0ECEC6CE84B010032441902AC9B380BB76EDD3A3E3EFE91B3B0FCE6D2F838333333A12F0800C80A6508B06E464646D69E85E57796C671E86DA50040329421C0FAD8BB77EF5ADE445A3BFBF7DF3F3C3C1CFAB200804C508600EBE0D8B163030303EB9885A5F9FCE76FBEE79E7B425F1C00907ECA10601DC45978F89923EB5E86A75E3F7DCD357DDE530A006C346508B056131313C3C3C3EB9E85A5B9F5D62FEEDBB72FF425020029A70C01D66A7070B0DD8F2E6CEB65C3DEDEDED0970800A49C320458937C3EDFD3D3B34159589A2D5BB64C4D4D85BE500020CD9421C09A8C8D8DE572B90D2DC3BBF6EC191D1D0D7DA100409A29438035D9BD7BF73DF7DCB3A165F8E8C1C7060707435F28009066CA10604D8686861E7CE8E10D2DC3574F9EBCE69ABED0170A00A499320458930DFABC8ACA393777BEBBBB3BF485020069A60C01D6A4B7B7F7D4EBA737B40CE3E9EAF2BF6B006003596A00AC497F7FFFF3274E284300E0679AA506C09A6CE88719FA3D43002019CA10604D72B9DC77EEBD7743CBF0D0134F6ED9B225F485020069A60C01D664DFBE7DB7DEFAC50D2DC3B83C77EDFA5CE80B0500D24C1902ACC9CCCC4C5F5FDF8696E18E1D3B0E1C3810FA420180345386006BB5A17F84E6DCDCF99E9E9E42A110FA2A0180345386006BB5A16F28FDDAD7BF1E1F3CF425020029A70C01D6AA5028F4F5F56DC4A71A9E9B3B7FCD357DB3B3B3A12F110048396508B00EC6C7C76FDAB9D30B8600C0CF286508B03E3EF3D9CFEEDF7FFF3A66E1F3274E6CDEBCF9DCDCF9D0570600A49F3204581FF97C7ECB962DEBF5A768CEBC7D36CEC2574F9E0C7D5900402628438075333D3D1DC7619C736BCFC2CF7CF6B30F3EF470E80B0200B2421902ACA763C78E6DDEBCF9D0134FAEE54DA4715ECA42002049CA10609DE5F3F96DDBB6DD7EFB1D67DE3EDB56139E9B3BFFB5AF7FBDF496D4D0170100648B3204587F8542212EC36BAFED8F4B2FEEBD56B2F03BF7DE1B6F7FEBAD5F8C7B32F4E9030099A30C0136CAECECEC97BEF4A59E9E9ECF7CF6B371F81D7EE648550DC6CFDC77DFFFBB69E7CE789B5DBB3E37333313FA9401808C5286001BAB50284C4C4CE472B9CD9B37777D58FC4C9C85E3E3E3F97C3EF469020099A60C0192165762E8530000F810650890B4AE2EFFEF05003A8BD50940D2942100D069AC4E0092A60C01804E6375029034650800741AAB1380A4294300A0D3589D00244D1902009DC6EA042069CA1000E8345627004953860040A7B13A01489A3204003A8DD50940D2942100D069AC4E0092A60C01804E6375029034650800741AAB1380A4294300A0D3589D00244D1902009DC6EA042069CA1000E8345627004953860040A7B13A01489A3204003A8DD50940D2942100D069AC4E0092A60C01804E6375029034650800741AAB1380A4294300A0D3589D00244D1902009DC6EA042069CA1000E8345627004953860040A7B13A01489A3204003A8DD5094012C6C7C7E320ECEEEE1E1818881FF4F6F6C6FFBDFAEAABA7A7A7439F1A0080320448C4030F3CD05563FBF6ED131313A14F0D0040190224A250285C75D555955978DD75D7F5F6F6E6F3F9D0A70600A00C019272DB6DB75D71C515E532BCE5965B464747439F1400C00A6508909C4D9B3695B270E7CE9D7D7D7D854221F4190100AC508600C979FCF1C7AFBCF2CAB80C878686FC862100D039942140A2AEBFFEFA5219863E1100800F28438044CDCECEC665E8C32A00808EA20C0192E693EE01804E6375026445A150181F1F1F1919191C1CECEBEBABFD74C18C88AF3DFE090C0F0F8F8D8DF9CC0C00A04419029970E0C081B888E22CBCEFBEFB1E3D78F0D59327171617B339F1B5C73F81FDFBF7EFDAB52BFE99C47D18FAE60000E1294320E5F2F97C2E97DBB163C7A9D74F2D2C2E98CA39F3F699B80FE31FCEECEC6CE81B050084A40C81348BB3706060E03BF77E7B6171DE349A071F7A70CB962D333333A16F1700108C3204D22C97CB15B3F092693E8F1E7C64DBB6DF097DBB0080609421905A070E1CD8B1E386C5A5826965BEFC953FDFB3E7ABA16F1A0010863204D2A95028F4F5F5BD7E7A6671E9A26965E6CEBFBB79F3753E681100B2491902E934363696CBE516972E9467FBD0EFB7F8B90E957B656AF6ECF9EBD1D1D1D0B70E0008401902E9343C3CBCFFFE7FFF200B6FD8F19328FAD1E5E895C5E885F9E8D9F9E8F0DCD2BEFB1FFBFEE9F79E5A88FEB7103D55880E5D881EB914FDC3A1E39FDF7D73F0480B32CF1C991A1818087DEB0080009421904EFDFDFD274E1C5D5C3A5F9AAEAEAEB9283ABF1CBDB714BDB3105D88A23FFB8B3BBA7EEE17B7DE307C7A313A351F9DBA14CD14A25797A2EFFEE0D9E2CB86E7333873E7CF76777787BE75004000CA1048A79E9E9EB7CF9E5E5C9A2B4D1C7B172E47F39757BEB4B4BCF2DFEF3DFC9FBFFE1BBFF997777D6D298ACE2D45EF2D46EF2C46F9287AE4E9E78A653897CD89AF3DEC8D030082B00200D2A95877E7CA13FFF3FC5274F662B470F9A71BE4F3F9BFFFC6B7BEFA77DF38F5C6CA87BC2F2E470BC5627CF29967ABF6CDD4284300C8262B00209D8A75F77FE55929C3CBD1990BD19B73D162142DCCCFF75F7B6D57D7C7BABABA6FFCA35D953B1E3E72B46ADF4C8D3204806CB20200D2A95877EF95A7F46ED2B317A337CE456F5D8A0E9FF8E1A64D9B3E76C5CFFFC2C73F31F2C71F2AC3A79F3952B56FA64619024036590100E954ACBB7C79E27F5E5C8EDE29ACBC6678E65274F0E9E9DFDAFCA94FFCEAAF7DBCE797BFF52FDFBD144573F3D185F9951D0F4D3D5DB56FA64619024036590100E91417CED2D2BBE529054F1C87EF2D46EF2E446F9C5B7CF2F8CCE6DFFEF4F6DFFDBDB7E6A3370BD15B85E8EC7C14B7E1A1A79EAEDA3753A30C01209BAC008074AAAABBC1EDDB9E7BF195C3C7A7A78E4D3F7164FA89A32F3FF9DCC9FF7AEA851F1C7FEDF1232FFFCF91979E38FAD2D4B32F1F7FE5C777FFE3BD37EDBC2978A129430020495600403A15CBF09DCAF9C2176EEE6AC11FDE7863D58E991A650800D9640500A453B10CCF9A764719024036590100E9B4528697DF36ED8E3204806CB20200D2A95886674CBBA30C01209BAC0080742A96E15BA6DD518600904D5600403A15CBF04DD3EE284300C8262B00209D8A65386BDA1D650800D9640500A4933254860040EBAC0080742A96E14F3662CA47AEFA20C4265BB678C0E64F6EDC15557D97D0B70E0008C00A0048A7B8702E5F7E6323A67CE4CA6FD1E8DBB5721ACDF7ED6A60E3AE2EF4AD030002B00200D2A9D84EA73762CA47AE49B53A4FD62BBA55365BF5FB6EE8284300C8262B00209D8A1DF5FAFA4EBD8AFBE04BED1E6AD5C7AD7CDF8DB8C6D0B70E0008C00A0048A7623E9DDA88291FB9A6D6EA6F56F5B8F957AB0EDE68978D1B650800D9640500A453B1A37EBC11D3CA916BB7A97AA6E9BB493FB4CBAA9BADFBD585BE750040005600403A6D683B356AB6AAA2AB6DBCBAA1B8EAE3DAAADCA04B53860090595600403A15F3E947EB3B1505F8A1279B6CDF6883CA27577D5C2F41D7F9D22ABF69E85B070004600500A4D34A3E2DCF6CC4948F5C7AF041AD35DDB8F6F9866F136DF08D563DE67A5D5DE85B070004600500A453319F5EDB88291FB9F4A0C9376AB241E593AB3EAE578F1B7269A5EF15FAD6010001580100E954CCA71F6EC4948F5C7A50F71BBDDF6FF5FFD9E8808D0E52B5C1C65D5AE9E0A16F1D0010801500904EC57C3AB9EEF37EAD9D2CFFF7C32FE57DB041937D6B9F6FB47DED064D8EBF5E1718FAD6010001580100E954CCA7574DBBA30C01209BAC0080742A96E12BA6DD518600904D5600403A2943650800B4CE0A0048A7B87096975F36ED8E3204806CB20200D2A958862F99764719024036590100E9542CC369D3EE284300C8262B00209D8A65F8A2697794210064931500904EDDDDDD172F1E5D5E7EC1B435CA1000B2C90A0048A7BEBEBED75EFBFEF2F209D3D6284300C8262B00209D868686FEE3C03DCBD1F3A6F57971FA7BFDFDFDA16F1D0010803204D269EFDEBDA3A37F12BCB57EB6E69FC7EECAE572A16F1D0010803204D2696666A6BFFF93170B8797A3E3A6C5191EBE7E626222F4AD0300025086406ADDB962F772F49C6965FE6DFC6F47468642DF3400200C6508A456A150181CFCF4D4D4BF46D1B3A6F9CCCE1EECEFFF643E7F28F44D0300C25086409A4D4F4F0F0C5C3B3D3D1145C74CA389B3304EE8C9C96F87BE5D004030CA1048B9A9A9A9380EF7EEFDD3283A6A6A6762E2EBFDFD7D9393FF14FA46010021294320FD0A85C2E8686E70F05363637F353BFB48141D31F9FC7F8F8FFFCDC8C88EE1E1C1F871E85B040004A60C81AC989C9CCCE5FEA0B7F757BAE8EAEAE9F9A591911BE2380C7D5B00808EA00C0192E6330301804EA30C0192D6D5E5FFBD004067B13A01485AA90CCB7D58F53ECF46DBB778D8559FD4A500402DEB0380A4D59661D5971AEDD2CA619B7CBBBADA3D79002095AC090092D6CA6B86ABFE099955376BFEDD01002A591F0024AD49C5B59B6D8DF66DF4CE522F1802007559160024AD95D70CAB36AE7DDCFCAB55076FB40B004089F50140D2AACA70D52D9B3CD3CABB49BBFC9E2100B01A6B0280A455A65AD4F84D9EB501D9E899161F7BF1100068C4B2002069755FAF6BD2694D5E636CB70CBD600800D465590090B4AAD2AB7AE5B0C92E759F6FF1DDA4B5075186004099650140D21A95618BDBD77EA9C5C75E3304001AB12C00485AEB6558FBEADFAA01D9E4205E3304001AB12C00485AE54B76556F25AD7C7ED5D2AB7DBED1F6B51B78CD1000A86459009034490600741AAB1380A4294300A0D3589D00244D1902009DC6EA042069CA1000E8345627004953860040A7B13A01489A3204003A8DD50940D2942100D069AC4E0092A60C01804E6375029034650800741AAB1380A4294300A0D3589D00244D1902009DC6EA042069CA1000E83456270049181F1F8F83B0BBBB7B6060207ED0DBDB1BFFF7EAABAF9E9E9E0E7D6A0000CA1020110F3CF040578DEDDBB74F4C4C843E3500006508908842A170D555575566E175D75DD7DBDB9BCFE7439F1A0080320448CA6DB7DD76C5155794CBF0965B6E191D1D0D7D5200002B94214072366DDA54CAC29D3B77F6F5F5150A85D0670400B042190224E7F1C71FBFF2CA2BE3321C1A1AF21B860040E750860089BAFEFAEB4B6518FA4400003EA00C0112353B3B1B97A10FAB00003A8A3204489A4FBA07003A8DD50990158542617C7C7C6464647070B0AFAFAFF6D3053322BEF6F827303C3C3C3636E63333008012650864C2810307E2228AB3F0BEFBEE7BF4E0C1574F9E5C585CCCE6C4D71EFF04F6EFDFBF6BD7AEF86712F761E89B030084A70C8194CBE7F3B95C6EC78E1DA75E3FB5B0B8602AE7CCDB67E23E8C7F38B3B3B3A16F140010923204D22CCEC2818181EFDCFBED85C579D3681E7CE8C12D5BB6CCCCCC84BE5D004030CA1048B35C2E57CCC24BA6F93C7AF0916DDB7E27F4ED0200825186406A1D387060C78E1B16970AA695F9F257FE7CCF9EAF86BE69004018CA1048A742A1D0D7D7F7FAE999C5A58BA695993BFFEEE6CDD7F9A04500C8266508A4D3D8D8582E975B5CBA509EED43BFDFE2E73A54EE95A9D9B3E7AF47474743DF3A0020006508A4D3F0F0F0FEFBFFFD832CBC61C74FA2E84797A35716A317E6A367E7A3C3734BFBEE7FECFBA7DF7B6A21FADF42F454213A74217AE452F40F878E7F7EF7CDC1232DC83C73646A606020F4AD0300025086403AF5F7F79F38717471E97C69BABABAE6A2E8FC72F4DE52F4CE4274218AFEEC2FEEE8FAB95FDC7AC3F0E9C5E8D47C74EA523453885E5D8ABEFB83678B2F1B9ECFE0CC9D3FDBDDDD1DFAD60100012843209D7A7A7ADE3E7B7A7169AE3471EC5DB81CCD5F5EF9D2D2F2CA7FBFF7F07FFEFA6FFCE65FDEF5B5A5283AB714BDB718BDB318E5A3E891A79F2B96E15C3627BEF6B0370E0008C20A0048A762DD9D2B4FFCCFF34BD1D98BD1C2E59F6E90CFE7FFFE1BDFFAEADF7DE3D41B2B1FF2BEB81C2D148BF1C9679EADDA3753A30C01209BAC0080742AD6DDFF9567A50C2F47672E446FCE458B51B4303FDF7FEDB55D5D1FEBEAEABEF18F7655EE78F8C8D1AA7D3335CA1000B2C90A0048A762DDBD579ED2BB49CF5E8CDE3817BD75293A7CE2879B366DFAD8153FFF0B1FFFC4C81F7FA80C9F7EE648D5BE991A650800D9640500A453B1EEF2E589FF7971397AA7B0F29AE1994BD1C1A7A77F6BF3A73EF1ABBFF6F19E5FFED6BF7CF75214CDCD4717E657763C34F574D5BE991A650800D9640500A4535C384B4BEF96A7143C711CBEB718BDBB10BD716EF1C9E3339B7FFBD3DB7FF7F7DE9A8FDE2C446F15A2B3F351DC86879E7ABA6ADF4C8D3204806CB20200D2A9AAEE06B76F7BEEC5570E1F9F9E3A36FDC491E9278EBEFCE47327FFEBA9177E70FCB5C78FBCFC3F475E7AE2E84B53CFBE7CFC951FDFFD8FF7DEB4F3A6E085A60C018024590100E9542CC3772AE70B5FB8B9AB057F78E38D553B666A94210064931500904EC5323C6BDA1D650800D9640500A4D34A195E7EDBB43BCA1000B2C90A0048A762199E31ED8E3204806CB20200D2A958866F99764719024036590100E9542CC3374DBBA30C01209BAC0080742A96E1AC697794210064931500904ECA50190200ADB30200D2A958863FA93B8DBE547EBEF6C14798E6FB567E8B5A2D1EA4EA804D8ED3D66987BE750040005600403AC58573F9F21BA559F5D3EDCB9B357A5077EA1EA4EEF38D366B74D8DAC78D4EB8F25B3439F946A75AF7BB87BE750040005600403A15FBE774692A1FD74EF9ABAD3CA8DAB1A2B51A1E7FD5E3B4B571D593AD9F738B67AB0C01209BAC0080742AF6CFEB75A7EE972AAAE9830D6A1F34DAA5D1F1DB3A60F35DEAEE55B959AD164FB86A9BD0B70E0008C00A0048A762FF9C2A4FDD707A3F933ED8A676E3CAE7ABA66AF7AA2F551DB0EA388D76ACDCB8EEE9D55ED7AA0F5A3CE7F206A16F1D0010801500904EC5FEF971792AFFB9EAE3CA0755C7A93A66ED571BF767C3EF5B7B8426A7547B7A5507AFBB4BF373AEDA20F4AD030002B00200D2A9B60C9B345B5535358FABD62BAB7973AE65E34611DBE8D2942100D09C1500904EC5FEF951792AFF59F7F1FBC954FD64E541AAA67297DAE72BF2ACCE019B1CB9BC4BD511AA9E69749C8F76CE951B84BE750040005600403AADF4CFF24C79EABEA4F6D34CAAD8A6D183BA537B84DABD4A8FDB3A725B5FAA3C60934B6B7EC255DB84BE750040005600403A15FBE7B5F254FE73D5C7A507EF4754F56695DB57B456B3EF55BB59DD03D6DDBDF95ECDBF7B2B675BBB59E85B070004600500A453B17F7E58771A7DA9FCFCFBF9F4A167EA6EFFE1DC6AF87CEDEEAB9E5ED531EBEED5CA36CD4FB5EE96A16F1D0010801500904EC5FE395977EA7EE9FD64AADEA0A2A6EA1FADF9F14B8F6B776F720E7537AEB5EA066D9D73E5A142DF3A0020002B00209D8A5DF4AA697794210064931500904EC5327CC5B43BCA1000B2C90A00482765A80C0180D6590100E91417CEF2F2CBA6DD518600904D5600403A15CBF025D3EE284300C8262B00209D8A65386DDA1D650800D9640500A453B10C5F34ED8E3204806CB20200D2A9BBBBFBE2C5A3CBCB2F98B64619024036590100E9D4D7D7F7DA6BDF5F5E3E61DA1A650800D9640500A4D3D0D0D07F1CB867397ADEB43E2F4E7FAFBFBF3FF4AD0300025086403AEDDDBB7774F44F82B7D6CFD6FCF3D85DB95C2EF4AD0300025086403ACDCCCCF4F77FF262E1F07274DCB438C3C3D74F4C4C84BE75004000CA1048AD3B57EC5E8E9E33ADCCBF8DFFEDC8C850E89B060084A10C81D42A140A83839F9E9AFAD7287AD6349FD9D983FDFD9FCCE70F85BE69004018CA1048B3E9E9E981816BA7A727A2E89869347116C6093D39F9EDD0B70B00084619022937353515C7E1DEBD7F1A45474DED4C4C7CBDBFBF6F72F29F42DF280020246508A45FA150181DCD0D0E7E6A6CECAF66671F89A223269FFFEFF1F1BF1919D9313C3C183F0E7D8B0080C094219015939393B9DC1FF4F6FE4A175D5D3D3DBF343272431C87A16F0B00D011942140D27C662000D069942140D2BABAFCBF1700E82C562700492BBD9FB3FCB8EA41A35D36FCB400800CB3D400485A2B65589B82E21000D838D61900496B5E862DBE8A0800B08E2C3B009256FE03A1510B4158F72F8B267CC20040EA595E0024ADEA35C3BAA15877AF84CE0F00C81EEB0C80A4357A376965FBF93D43002049D61900496BFE6ED2CACD9AFC1300601D59670024ADAD4FADF07B860040022C2F0092F6113ECFB0950D00003E32EB0C80A4D596E147FB84430080F5629D0190B4DABF4D1AD504A1BF40030024C93A032069755F218C3EFC9769AA9EF1AB8600C086B2B600489AAE03003A8DD50940D2942100D069AC4E0092A60C01804E6375029034650800741AAB1380A4294300A0D3589D00244D1902009DC6EA042069CA1000E8345627004953860040A7B13A01489A3204003A8DD50940D2942100D069AC4E0092A60C01804E6375029034650800741AAB1380A4294300A0D3589D00244D1902009DC6EA042069CA1000E8345627004953860040A7B13A01489A3204003A8DD50940D2942100D069AC4E0092A60C01804E6375029034650800741AAB1380A4294300A0D3589D00244D1902009DC6EA042009E3E3E371107677770F0C0CC40F7A7B7BE3FF5E7DF5D5D3D3D3A14F0D0040190224E281071EE8AAB17DFBF6898989D0A70600A00C0112512814AEBAEAAACA2CBCEEBAEB7A7B7BF3F97CE853030050860049B9EDB6DBAEB8E28A7219DE72CB2DA3A3A3A14F0A006085320448CEA64D9B4A59B873E7CEBEBEBE42A110FA8C000056284380E43CFEF8E3575E79655C864343437EC31000E81CCA102051D75F7F7DA90C439F0800C007942140A2666767E332F4611500404751860049F349F70040A7B13A01B2A250288C8F8F8F8C8C0C0E0EF6F5F5D57EBA6046C4D71EFF04868787C7C6C67C66060050A20C814C3870E0405C447116DE77DF7D8F1E3CF8EAC9930B8B8BD99CF8DAE39FC0FEFDFB77EDDA15FF4CE23E0C7D730080F094219072F97C3E97CBEDD8B1E3D4EBA71616174CE59C79FB4CDC87F10F67767636F48D0200425286409AC559383030F09D7BBFBDB0386F1ACD830F3DB865CB96999999D0B70B00084619026996CBE58A5978C9349F470F3EB26DDBEF84BE5D004030CA1048AD03070EECD871C3E252C1B4325FFECA9FEFD9F3D5D0370D0008431902E9542814FAFAFA5E3F3DB3B874D1B43273E7DFDDBCF93A1FB40800D9A40C81741A1B1BCBE5728B4B17CAB37DE8F75BFC5C87CABD32357BF6FCF5E8E868E85B070004A00C81741A1E1EDE7FFFBF7F908537ECF84914FDE872F4CA62F4C27CF4EC7C74786E69DFFD8F7DFFF47B4F2D44FF5B889E2A44872E448F5C8AFEE1D0F1CFEFBE3978A40599678E4C0D0C0C84BE75004000CA1048A7FEFEFE13278E2E2E9D2F4D5757D75C149D5F8EDE5B8ADE59882E44D19FFDC51D5D3FF78B5B6F183EBD189D9A8F4E5D8A660AD1AB4BD1777FF06CF165C3F3199CB9F367BBBBBB43DF3A0020006508A4534F4FCFDB674F2F2ECD95268EBD0B97A3F9CB2B5F5A5A5EF9EFF71EFECF5FFF8DDFFCCBBBBEB61445E796A2F716A37716A37C143DF2F473C5329CCBE6C4D71EF6C6010041580100E954ACBB73E589FF797E293A7B315AB8FCD30DF2F9FCDF7FE35B5FFDBB6F9C7A63E543DE1797A38562313EF9CCB355FB666A94210064931500904EC5BAFBBFF2AC94E1E5E8CC85E8CDB968318A16E6E7FBAFBDB6ABEB635D5DDD37FED1AECA1D0F1F395AB56FA64619024036590100E954ACBBF7CA537A37E9D98BD11BE7A2B72E45874FFC70D3A64D1FBBE2E77FE1E39F18F9E30F95E1D3CF1CA9DA3753A30C01209BAC0080742AD65DBE3CF13F2F2E47EF14565E333C73293AF8F4F46F6DFED4277EF5D73EDEF3CBDFFA97EF5E8AA2B9F9E8C2FCCA8E87A69EAEDA3753A30C01209BAC0080748A0B6769E9DDF29482278EC3F716A37717A237CE2D3E797C66F36F7F7AFBEFFEDE5BF3D19B85E8AD4274763E8ADBF0D0534F57ED9BA9518600904D5600403A55D5DDE0F66DCFBDF8CAE1E3D353C7A69F3832FDC4D1979F7CEEE47F3DF5C20F8EBFF6F89197FFE7C84B4F1C7D69EAD9978FBFF2E3BBFFF1DE9B76DE14BCD094210090242B00209D8A65F84EE57CE10B3777B5E00F6FBCB16AC74C8D3204806CB20200D2A95886674DBBA30C01209BAC0080745A29C3CB6F9B764719024036590100E9542CC333A6DD518600904D5600403A15CBF02DD3EE284300C8262B00209D8A65F8A6697794210064931500904EC5329C35ED8E3204806CB20200D249192A4300A0755600403A15CBF0272D4EA38DCBCFD73E68776A776CE5992647ABF5D14EACF6C8A16F1D0010801500904E71E15CBEFC46A359F5F3EECB9B357AD0CA616BBF5AF771ED938D4EA6FCCFE627D6FC349A8F3204806CB20200D2A95844A71B4D8B5F6DE541D58E153D56FFF99A6C6B764AB5C769F17C1A9DC9AAA30C01209BAC0080742A16D1EB2D4EDD8D2BCAEA830D6A1F34DA65D5E3AF7AD826C76910992D9DCCAA3F8AD0B70E0008C00A0048A762119D6A324D5FC7FB609BDA8D2B9FAF7BCCBACF37DABEEAF8555FAADAB172FB460F5A399FE63F96D0B70E0008C00A0048A76211FDB8C9546EB0EAE3CA074D8EDCE8AB8D76A97ABEF6DBD57EEBD23FEB9E58EBE7D3FCC712FAD6010001580100E9D44A19367ECDB0BAAC9A07582B65D8CAF76AF42D1A056AA343294300A05D5600403A158BE8474DA67283BA8FDFCFAAEA279B1F73D5EFDB64C7F2EE35C957E73C37E87C94210064931500904E2B45B43CD3649ABD8E57B14DA307CD8FD97C9BBA8F9B6F597B1A4D4EBBF593A9FB4D43DF3A0020002B00209D8A45F45A93A9DC60D5C7A507EF8756F56695DB57F458F5F7AABB6FD5E3465FAABB41A3D3687226AB8E3204806CB20200D2A958443F6C711A6D5C7EFEFDC4FAD03375B7FF70927DE83855BB543E59B57DDD6FD1CA36CD4FA3C51F45E85B070004600500A453B1884EB63875377E3FABAA37A828AEB60F5ED36CF5B7AFB5EA066D5D6FF3B30D7DEB008000AC0080742A96D2ABA6DD518600904D5600403A15CBF015D3EE284300C8262B00209D94A13204005A670500A4535C38CBCB2F9B764719024036590100E9542CC3974CBBA30C01209BAC0080742A96E1B4697794210064931500904EC5327CD1B43BCA1000B2C90A0048A7EEEEEE8B178F2E2FBF60DA1A650800D9640500A4535F5FDF6BAF7D7F79F984696B94210064931500904E434343FF71E09EE5E879D3FABC38FDBDFEFEFED0B70E0008401902E9B477EFDED1D13F09DE5A3F5BF3CF6377E572B9D0B70E0008401902E9343333D3DFFFC98B85C3CBD171D3E20C0F5F3F313111FAD6010001284320B5EE5CB17B397ACEB432FF36FEB7232343A16F1A001086320452AB50280C0E7E7A6AEA5FA3E859D37C66670FF6F77F329F3F14FAA6010061284320CDA6A7A70706AE9D9E9E88A263A6D1C4591827F4E4E4B743DF2E0020186508A4DCD4D4541C877BF7FE69141D35B53331F1F5FEFEBEC9C97F0A7DA30080909421907E85426174343738F8A9B1B1BF9A9D7D248A8E987CFEBFC7C7FF666464C7F0F060FC38F42D020002538640564C4E4EE6727FD0DBFB2B5D7475F5F4FCD2C8C80D711C86BE2D00404750860049F399810040A751860049EBEAF2FF5E00A0B3589D0024ADF47ECEF2E3AA078D7659751B00808FCC220320691FB90C57DD0C00E0A3B1C200485AF332AC7D79B0EE9F9049F694018094B3B600485A65DDAD9A88751F0000AC2F8B0C80A455BD665837141B6D9CE4790200D961910190B446EF26AD9B8551BD77932679B6004016585E0024ADF9BB49EB6EBFEA3600006B61910190B476FF36A9320400369A450640D25A2F43EF2605009261790190B4DA326CDE8A5E330400369A450640D26AFF3669B4DAE719563D0000585F161900496BF441148DDE2C5AFB6E52890800AC2F6B0B80A4E93A00A0D3589D00244D1902009DC6EA042069CA1000E8345627004953860040A7B13A01489A3204003A8DD50940D2942100D069AC4E0092A60C01804E6375029034650800741AAB1380A4294300A0D3589D00244D1902009DC6EA042069CA1000E8345627004953860040A7B13A01489A3204003A8DD50940D2942100D069AC4E0092A60C01804E6375029034650800741AAB1380A4294300A0D3589D00244D1902009DC6EA042069CA1000E8345627004953860040A7B13A01489A3204003A8DD50940D2942100D069AC4E0092303E3E1E07617777F7C0C040FCA0B7B737FEEFD5575F3D3D3D1DFAD40000942140221E78E081AE1ADBB76F9F9898087D6A0000CA1020118542E1AAABAEAACCC2EBAEBBAEB7B7379FCF873E35000065089094DB6EBBED8A2BAE2897E12DB7DC323A3A1AFAA4000056284380E46CDAB4A994853B77EEECEBEB2B140AA1CF08006085320448CEE38F3F7EE59557C665383434E4370C0180CEA10C011275FDF5D797CA30F48900007C401902246A7676362E431F5601007414650890349F740F00741AAB13800D572814262626EEBCF3CEE1E1E1C1F70D0D0DC5CF8C8D8DCDCECE863E410020EB9421C0068A8330AEC1DACFB8AF32303070CF3DF7F853A5004028CA1060434C4E4E6EDDBA75D526ACD4D7D7E70F960200412843807556281472B95CEDAB825FFEF257F6EFBFFFD1838F95E7F6DBEFD8B16347D596C3C3C3F97C3EF4450000D9A20C01D6D3ECEC6CD54B85B7DEFAC5574F9E5C585C6A3467DE3EFBCDBBEFEEEDEDAD7CF1F0D8B163A12F0500C8106508B06E666666E2A82B07DED0D050F326ACEAC3DB6FBFA3BC6F7777F7D4D454E80B0200B2421902AC8F42A150F96AE15D7BF6B4D8849573DF7DFF2F6EC2F22B87FE6C2900900C6508B03E464646CA59B87FFFFD1F210B4B73F899233D3D3DA5E30C0E0E86BE2C0020139421C03A98989858E3AB8595F3E0430F978FB66FDFBED0170700A49F32045807030303E5DF2D5C631696A6FC3B87BDBDBD3EE71000D868CA1060ADC6C7C7CB7F36E6D4EBA7D7A50CCFCD9D2FFFB5D22F7DE94BA12F110048396508B056838383E50FA858972C2CCD77EEBDB774D89E9E9ED0970800A49C320458937C3E5FFE9DC0F57AC1B03CD75CF3D3CFC0989C9C0C7DA100409A29438035191B1B2BFF1DD1F5CDC2783EFFF99B4B071F1D1D0D7DA100409A29438035D9BD7BF77AFD49D2DA79F4E063A5836FDDBA35F485020069A60C01D6646868A8146F0F3EF4F0BA97E1AB274F963FF53EF485020069A60C01D6A4FC7915879F39B2EE65184FF99718435F28009066961A006B52FE6C89574F9EDC88322C1F3FF48502006966A901B026FDFDFDA5727BFEC4898D28C3EEEE6E6508006C344B0D8035297F98E1A3071F5BF72C3CF3F6591F69080024401902AC492E972BC5DB37EFBE7BDDCBF0F913274A071F1818087DA100409A29438035D9BB776F29DE76EDFADCBA97E15D7BF6940E3E323212FA420180345386006B323D3D5D7EC3E7B9B9F3EB5B86DBB66D2B1D7C6C6C2CF485020069A60C01D6AAAFAFAFD46FFBF7DFBF8E5958FE30C3583E9F0F7D9500409A294380B51A1D1D2DF5DBE6CD9BD7F165C3CF7CF6B3A5C30E0F0F87BE440020E59421C05AE5F3F9F2A70EDEB567CFBA64E1A1279E2CBF6078ECD8B1D0970800A49C32045807FBF6ED2B555C7777F7DA3FBEE2D59327CBA9B97BF7EED0170700A49F3204581F5BB76E2DB55C1C7571DA7DE42C3C37777EF3E6CDE543CDCECE86BE320020FD9421C0FA989999E9E9E92917DDE1678E7C842C3CF5FAE972167677774F4E4E86BE2C0020139421C0BA8943AEFCCB8171D77DF3EEBBDBFDDDC2F29B4863FBF6ED0B7D41004056284380F5343131517EE5B0F4D74A1F7CE8E1565E2ABC69E7CEAE0AB21000489232045867D3D3D3FDFDFD959917F7E1EDB7DFF1FC8913B541F8CDBBEFDEB16347E5C671587A13290090306508B0FEF2F9FC9D77DED9DDDDDD55CF962D5B1A7D696464C49F9C010092A70C01364ADC78B95CAE6E01D61A1C1C9C9A9A0A7DCA0040462943808D552814C6C7C7E3441C1818A8AAC1BEBEBEE1E1E17BEEB9C7EB84004058CA10000020EB9421000040D62943000080AC538600000059A70C010000B24E19020000649D32040000C83A650800009075CA10000020EB9421000040D62943000080AC538600000059A70C010000B24E19020000649D32040000C83A650800009075CA10000020EB9421000040D62943000080AC538600000059A70C010000B24E19020000649D32040000C83A650800009075CA10000020EB9421000040D62943000080AC538600000059A70C010000B24E19020000649D32040000C83A650800009075CA10000020EB9421000040D62943000080AC538600000059A70C010000B24E19020000649D32040000C83A650800009075CA10000020EB9421000040D62943000080AC538600000059A70C010000B24E19020000649D32040000C83A650800009075CA10000020EB9421000040D62943000080AC538600000059A70C010000B24E19020000649D32040000C83A650800009075CA10000020EB9421000040D62943000080AC538600000059A70C010000B24E19020000649D32040000C83A650800009075CA10000020EB9421000040D62943000080ACFBFF7B7E2B2FC02C1BCC0000000049454E44AE426082, '0');
INSERT INTO `act_ge_bytearray` VALUES ('37506', '1', 'LeaveBill1.bpmn', '37504', 0x3C3F786D6C2076657273696F6E3D22312E302220656E636F64696E673D225554462D38223F3E0A3C646566696E6974696F6E7320786D6C6E733D22687474703A2F2F7777772E6F6D672E6F72672F737065632F42504D4E2F32303130303532342F4D4F44454C2220786D6C6E733A7873693D22687474703A2F2F7777772E77332E6F72672F323030312F584D4C536368656D612D696E7374616E63652220786D6C6E733A7873643D22687474703A2F2F7777772E77332E6F72672F323030312F584D4C536368656D612220786D6C6E733A61637469766974693D22687474703A2F2F61637469766974692E6F72672F62706D6E2220786D6C6E733A62706D6E64693D22687474703A2F2F7777772E6F6D672E6F72672F737065632F42504D4E2F32303130303532342F44492220786D6C6E733A6F6D6764633D22687474703A2F2F7777772E6F6D672E6F72672F737065632F44442F32303130303532342F44432220786D6C6E733A6F6D6764693D22687474703A2F2F7777772E6F6D672E6F72672F737065632F44442F32303130303532342F44492220747970654C616E67756167653D22687474703A2F2F7777772E77332E6F72672F323030312F584D4C536368656D61222065787072657373696F6E4C616E67756167653D22687474703A2F2F7777772E77332E6F72672F313939392F585061746822207461726765744E616D6573706163653D22687474703A2F2F7777772E61637469766974692E6F72672F74657374223E0A20203C70726F636573732069643D224C6561766542696C6C22206E616D653D224C6561766542696C6C2220697345786563757461626C653D2274727565223E0A202020203C73746172744576656E742069643D2273746172746576656E743122206E616D653D225374617274223E3C2F73746172744576656E743E0A202020203C656E644576656E742069643D22656E646576656E743122206E616D653D22456E64223E3C2F656E644576656E743E0A202020203C757365725461736B2069643D22757365727461736B3122206E616D653D22E68F90E4BAA4E794B3E8AFB7222061637469766974693A61737369676E65653D22247B7573657249647D223E3C2F757365725461736B3E0A202020203C757365725461736B2069643D22757365727461736B3222206E616D653D22E5AEA1E689B9E38090E983A8E997A8E7BB8FE79086E38091223E0A2020202020203C657874656E73696F6E456C656D656E74733E0A20202020202020203C61637469766974693A7461736B4C697374656E6572206576656E743D226372656174652220636C6173733D22636F6D2E7878782E61637469766974692E636F6E736F6C652E6C697374656E65722E4D616E616765725461736B48616E646C6572223E3C2F61637469766974693A7461736B4C697374656E65723E0A2020202020203C2F657874656E73696F6E456C656D656E74733E0A202020203C2F757365725461736B3E0A202020203C757365725461736B2069643D22757365727461736B3322206E616D653D22E5AEA1E689B9E38090E680BBE7BB8FE79086E38091223E0A2020202020203C657874656E73696F6E456C656D656E74733E0A20202020202020203C61637469766974693A7461736B4C697374656E6572206576656E743D226372656174652220636C6173733D22636F6D2E7878782E61637469766974692E636F6E736F6C652E6C697374656E65722E4D616E616765725461736B48616E646C6572223E3C2F61637469766974693A7461736B4C697374656E65723E0A2020202020203C2F657874656E73696F6E456C656D656E74733E0A202020203C2F757365725461736B3E0A202020203C73657175656E6365466C6F772069643D22666C6F77312220736F757263655265663D2273746172746576656E743122207461726765745265663D22757365727461736B31223E3C2F73657175656E6365466C6F773E0A202020203C73657175656E6365466C6F772069643D22666C6F773222206E616D653D22E68F90E4BAA4E794B3E8AFB72220736F757263655265663D22757365727461736B3122207461726765745265663D22757365727461736B32223E3C2F73657175656E6365466C6F773E0A202020203C73657175656E6365466C6F772069643D22666C6F773322206E616D653D22E689B9E6B3A82220736F757263655265663D22757365727461736B3222207461726765745265663D22757365727461736B33223E3C2F73657175656E6365466C6F773E0A202020203C73657175656E6365466C6F772069643D22666C6F773422206E616D653D22E689B9E587862220736F757263655265663D22757365727461736B3322207461726765745265663D22656E646576656E7431223E3C2F73657175656E6365466C6F773E0A20203C2F70726F636573733E0A20203C62706D6E64693A42504D4E4469616772616D2069643D2242504D4E4469616772616D5F4C6561766542696C6C223E0A202020203C62706D6E64693A42504D4E506C616E652062706D6E456C656D656E743D224C6561766542696C6C222069643D2242504D4E506C616E655F4C6561766542696C6C223E0A2020202020203C62706D6E64693A42504D4E53686170652062706D6E456C656D656E743D2273746172746576656E7431222069643D2242504D4E53686170655F73746172746576656E7431223E0A20202020202020203C6F6D6764633A426F756E6473206865696768743D2233352E30222077696474683D2233352E302220783D223435302E302220793D2234302E30223E3C2F6F6D6764633A426F756E64733E0A2020202020203C2F62706D6E64693A42504D4E53686170653E0A2020202020203C62706D6E64693A42504D4E53686170652062706D6E456C656D656E743D22656E646576656E7431222069643D2242504D4E53686170655F656E646576656E7431223E0A20202020202020203C6F6D6764633A426F756E6473206865696768743D2233352E30222077696474683D2233352E302220783D223435302E302220793D223430302E30223E3C2F6F6D6764633A426F756E64733E0A2020202020203C2F62706D6E64693A42504D4E53686170653E0A2020202020203C62706D6E64693A42504D4E53686170652062706D6E456C656D656E743D22757365727461736B31222069643D2242504D4E53686170655F757365727461736B31223E0A20202020202020203C6F6D6764633A426F756E6473206865696768743D2235352E30222077696474683D223130352E302220783D223431352E302220793D223131302E30223E3C2F6F6D6764633A426F756E64733E0A2020202020203C2F62706D6E64693A42504D4E53686170653E0A2020202020203C62706D6E64693A42504D4E53686170652062706D6E456C656D656E743D22757365727461736B32222069643D2242504D4E53686170655F757365727461736B32223E0A20202020202020203C6F6D6764633A426F756E6473206865696768743D2235352E30222077696474683D223130352E302220783D223431352E302220793D223230302E30223E3C2F6F6D6764633A426F756E64733E0A2020202020203C2F62706D6E64693A42504D4E53686170653E0A2020202020203C62706D6E64693A42504D4E53686170652062706D6E456C656D656E743D22757365727461736B33222069643D2242504D4E53686170655F757365727461736B33223E0A20202020202020203C6F6D6764633A426F756E6473206865696768743D2235352E30222077696474683D223130352E302220783D223431352E302220793D223330302E30223E3C2F6F6D6764633A426F756E64733E0A2020202020203C2F62706D6E64693A42504D4E53686170653E0A2020202020203C62706D6E64693A42504D4E456467652062706D6E456C656D656E743D22666C6F7731222069643D2242504D4E456467655F666C6F7731223E0A20202020202020203C6F6D6764693A776179706F696E7420783D223436372E302220793D2237352E30223E3C2F6F6D6764693A776179706F696E743E0A20202020202020203C6F6D6764693A776179706F696E7420783D223436372E302220793D223131302E30223E3C2F6F6D6764693A776179706F696E743E0A2020202020203C2F62706D6E64693A42504D4E456467653E0A2020202020203C62706D6E64693A42504D4E456467652062706D6E456C656D656E743D22666C6F7732222069643D2242504D4E456467655F666C6F7732223E0A20202020202020203C6F6D6764693A776179706F696E7420783D223436372E302220793D223136352E30223E3C2F6F6D6764693A776179706F696E743E0A20202020202020203C6F6D6764693A776179706F696E7420783D223436372E302220793D223230302E30223E3C2F6F6D6764693A776179706F696E743E0A20202020202020203C62706D6E64693A42504D4E4C6162656C3E0A202020202020202020203C6F6D6764633A426F756E6473206865696768743D2231342E30222077696474683D2234382E302220783D223436372E302220793D223136352E30223E3C2F6F6D6764633A426F756E64733E0A20202020202020203C2F62706D6E64693A42504D4E4C6162656C3E0A2020202020203C2F62706D6E64693A42504D4E456467653E0A2020202020203C62706D6E64693A42504D4E456467652062706D6E456C656D656E743D22666C6F7733222069643D2242504D4E456467655F666C6F7733223E0A20202020202020203C6F6D6764693A776179706F696E7420783D223436372E302220793D223235352E30223E3C2F6F6D6764693A776179706F696E743E0A20202020202020203C6F6D6764693A776179706F696E7420783D223436372E302220793D223330302E30223E3C2F6F6D6764693A776179706F696E743E0A20202020202020203C62706D6E64693A42504D4E4C6162656C3E0A202020202020202020203C6F6D6764633A426F756E6473206865696768743D2231342E30222077696474683D2232342E302220783D223436372E302220793D223235352E30223E3C2F6F6D6764633A426F756E64733E0A20202020202020203C2F62706D6E64693A42504D4E4C6162656C3E0A2020202020203C2F62706D6E64693A42504D4E456467653E0A2020202020203C62706D6E64693A42504D4E456467652062706D6E456C656D656E743D22666C6F7734222069643D2242504D4E456467655F666C6F7734223E0A20202020202020203C6F6D6764693A776179706F696E7420783D223436372E302220793D223335352E30223E3C2F6F6D6764693A776179706F696E743E0A20202020202020203C6F6D6764693A776179706F696E7420783D223436372E302220793D223430302E30223E3C2F6F6D6764693A776179706F696E743E0A20202020202020203C62706D6E64693A42504D4E4C6162656C3E0A202020202020202020203C6F6D6764633A426F756E6473206865696768743D2231342E30222077696474683D2232342E302220783D223436372E302220793D223335352E30223E3C2F6F6D6764633A426F756E64733E0A20202020202020203C2F62706D6E64693A42504D4E4C6162656C3E0A2020202020203C2F62706D6E64693A42504D4E456467653E0A202020203C2F62706D6E64693A42504D4E506C616E653E0A20203C2F62706D6E64693A42504D4E4469616772616D3E0A3C2F646566696E6974696F6E733E, '0');
INSERT INTO `act_ge_bytearray` VALUES ('37512', '1', 'AskForLeave.bpmn', '37511', 0x3C3F786D6C2076657273696F6E3D22312E302220656E636F64696E673D225554462D38223F3E0A3C646566696E6974696F6E7320786D6C6E733D22687474703A2F2F7777772E6F6D672E6F72672F737065632F42504D4E2F32303130303532342F4D4F44454C2220786D6C6E733A7873693D22687474703A2F2F7777772E77332E6F72672F323030312F584D4C536368656D612D696E7374616E63652220786D6C6E733A7873643D22687474703A2F2F7777772E77332E6F72672F323030312F584D4C536368656D612220786D6C6E733A61637469766974693D22687474703A2F2F61637469766974692E6F72672F62706D6E2220786D6C6E733A62706D6E64693D22687474703A2F2F7777772E6F6D672E6F72672F737065632F42504D4E2F32303130303532342F44492220786D6C6E733A6F6D6764633D22687474703A2F2F7777772E6F6D672E6F72672F737065632F44442F32303130303532342F44432220786D6C6E733A6F6D6764693D22687474703A2F2F7777772E6F6D672E6F72672F737065632F44442F32303130303532342F44492220747970654C616E67756167653D22687474703A2F2F7777772E77332E6F72672F323030312F584D4C536368656D61222065787072657373696F6E4C616E67756167653D22687474703A2F2F7777772E77332E6F72672F313939392F585061746822207461726765744E616D6573706163653D22687474703A2F2F7777772E61637469766974692E6F72672F74657374223E0A20203C70726F636573732069643D2241736B466F724C6561766522206E616D653D2241736B466F724C656176652220697345786563757461626C653D2274727565223E0A202020203C73746172744576656E742069643D2273746172746576656E743122206E616D653D225374617274223E3C2F73746172744576656E743E0A202020203C656E644576656E742069643D22656E646576656E743122206E616D653D22456E64223E3C2F656E644576656E743E0A202020203C757365725461736B2069643D22757365727461736B3122206E616D653D22E5AEA1E689B9E38090E983A8E997A8E7BB8FE79086E38091223E0A2020202020203C657874656E73696F6E456C656D656E74733E0A20202020202020203C61637469766974693A7461736B4C697374656E6572206576656E743D226372656174652220636C6173733D22636F6D2E64657369676E2E67726164756174696F6E2E636F6E74726F6C6C65722E61637469766974692E666C6F775F6469616772616D2E6C697374656E65722E4D616E616765725461736B48616E646C6572223E3C2F61637469766974693A7461736B4C697374656E65723E0A2020202020203C2F657874656E73696F6E456C656D656E74733E0A202020203C2F757365725461736B3E0A202020203C757365725461736B2069643D22757365727461736B3222206E616D653D22E5AEA1E689B9E38090E68A80E69CAFE680BBE79B91E38091223E0A2020202020203C657874656E73696F6E456C656D656E74733E0A20202020202020203C61637469766974693A7461736B4C697374656E6572206576656E743D226372656174652220636C6173733D22636F6D2E64657369676E2E67726164756174696F6E2E636F6E74726F6C6C65722E61637469766974692E666C6F775F6469616772616D2E6C697374656E65722E4D616E616765725461736B48616E646C6572223E3C2F61637469766974693A7461736B4C697374656E65723E0A2020202020203C2F657874656E73696F6E456C656D656E74733E0A202020203C2F757365725461736B3E0A202020203C757365725461736B2069643D22757365727461736B3322206E616D653D22E5AEA1E689B9E38090E891A3E4BA8BE995BFE38091223E0A2020202020203C657874656E73696F6E456C656D656E74733E0A20202020202020203C61637469766974693A7461736B4C697374656E6572206576656E743D226372656174652220636C6173733D22636F6D2E64657369676E2E67726164756174696F6E2E636F6E74726F6C6C65722E61637469766974692E666C6F775F6469616772616D2E6C697374656E65722E4D616E616765725461736B48616E646C6572223E3C2F61637469766974693A7461736B4C697374656E65723E0A2020202020203C2F657874656E73696F6E456C656D656E74733E0A202020203C2F757365725461736B3E0A202020203C6578636C7573697665476174657761792069643D226578636C7573697665676174657761793122206E616D653D224578636C75736976652047617465776179222064656661756C743D22666C6F7734223E3C2F6578636C7573697665476174657761793E0A202020203C73657175656E6365466C6F772069643D22666C6F773222206E616D653D22E689B9E6B3A82220736F757263655265663D22757365727461736B3122207461726765745265663D22757365727461736B32223E3C2F73657175656E6365466C6F773E0A202020203C73657175656E6365466C6F772069643D22666C6F773322206E616D653D22E689B9E587862220736F757263655265663D22757365727461736B3222207461726765745265663D226578636C75736976656761746577617931223E3C2F73657175656E6365466C6F773E0A202020203C73657175656E6365466C6F772069643D22666C6F773522206E616D653D22E5A4A7E4BA8EE7AD89E4BA8EE4B889E5A4A92220736F757263655265663D226578636C7573697665676174657761793122207461726765745265663D22757365727461736B33223E0A2020202020203C636F6E646974696F6E45787072657373696F6E207873693A747970653D2274466F726D616C45787072657373696F6E223E3C215B43444154415B247B646179733E327D5D5D3E3C2F636F6E646974696F6E45787072657373696F6E3E0A202020203C2F73657175656E6365466C6F773E0A202020203C73657175656E6365466C6F772069643D22666C6F773622206E616D653D22E689B9E587862220736F757263655265663D22757365727461736B3322207461726765745265663D22656E646576656E7431223E3C2F73657175656E6365466C6F773E0A202020203C73657175656E6365466C6F772069643D22666C6F773422206E616D653D22E5B08FE4BA8EE4B889E5A4A92220736F757263655265663D226578636C7573697665676174657761793122207461726765745265663D22656E646576656E7431223E3C2F73657175656E6365466C6F773E0A202020203C73657175656E6365466C6F772069643D22666C6F773122206E616D653D22E68F90E4BAA4E794B3E8AFB72220736F757263655265663D2273746172746576656E743122207461726765745265663D22757365727461736B31223E3C2F73657175656E6365466C6F773E0A20203C2F70726F636573733E0A20203C62706D6E64693A42504D4E4469616772616D2069643D2242504D4E4469616772616D5F41736B466F724C65617665223E0A202020203C62706D6E64693A42504D4E506C616E652062706D6E456C656D656E743D2241736B466F724C65617665222069643D2242504D4E506C616E655F41736B466F724C65617665223E0A2020202020203C62706D6E64693A42504D4E53686170652062706D6E456C656D656E743D2273746172746576656E7431222069643D2242504D4E53686170655F73746172746576656E7431223E0A20202020202020203C6F6D6764633A426F756E6473206865696768743D2233352E30222077696474683D2233352E302220783D223238302E302220793D2237302E30223E3C2F6F6D6764633A426F756E64733E0A2020202020203C2F62706D6E64693A42504D4E53686170653E0A2020202020203C62706D6E64693A42504D4E53686170652062706D6E456C656D656E743D22656E646576656E7431222069643D2242504D4E53686170655F656E646576656E7431223E0A20202020202020203C6F6D6764633A426F756E6473206865696768743D2233352E30222077696474683D2233352E302220783D223238302E302220793D223337362E30223E3C2F6F6D6764633A426F756E64733E0A2020202020203C2F62706D6E64693A42504D4E53686170653E0A2020202020203C62706D6E64693A42504D4E53686170652062706D6E456C656D656E743D22757365727461736B31222069643D2242504D4E53686170655F757365727461736B31223E0A20202020202020203C6F6D6764633A426F756E6473206865696768743D2235352E30222077696474683D223130352E302220783D223234352E302220793D223132362E30223E3C2F6F6D6764633A426F756E64733E0A2020202020203C2F62706D6E64693A42504D4E53686170653E0A2020202020203C62706D6E64693A42504D4E53686170652062706D6E456C656D656E743D22757365727461736B32222069643D2242504D4E53686170655F757365727461736B32223E0A20202020202020203C6F6D6764633A426F756E6473206865696768743D2235352E30222077696474683D223130352E302220783D223234352E302220793D223230362E30223E3C2F6F6D6764633A426F756E64733E0A2020202020203C2F62706D6E64693A42504D4E53686170653E0A2020202020203C62706D6E64693A42504D4E53686170652062706D6E456C656D656E743D22757365727461736B33222069643D2242504D4E53686170655F757365727461736B33223E0A20202020202020203C6F6D6764633A426F756E6473206865696768743D2235352E30222077696474683D223130352E302220783D223334392E302220793D223239372E30223E3C2F6F6D6764633A426F756E64733E0A2020202020203C2F62706D6E64693A42504D4E53686170653E0A2020202020203C62706D6E64693A42504D4E53686170652062706D6E456C656D656E743D226578636C75736976656761746577617931222069643D2242504D4E53686170655F6578636C75736976656761746577617931223E0A20202020202020203C6F6D6764633A426F756E6473206865696768743D2234302E30222077696474683D2234302E302220783D223230302E302220793D223330342E30223E3C2F6F6D6764633A426F756E64733E0A2020202020203C2F62706D6E64693A42504D4E53686170653E0A2020202020203C62706D6E64693A42504D4E456467652062706D6E456C656D656E743D22666C6F7732222069643D2242504D4E456467655F666C6F7732223E0A20202020202020203C6F6D6764693A776179706F696E7420783D223239372E302220793D223138312E30223E3C2F6F6D6764693A776179706F696E743E0A20202020202020203C6F6D6764693A776179706F696E7420783D223239372E302220793D223230362E30223E3C2F6F6D6764693A776179706F696E743E0A20202020202020203C62706D6E64693A42504D4E4C6162656C3E0A202020202020202020203C6F6D6764633A426F756E6473206865696768743D2231342E30222077696474683D2232342E302220783D223239372E302220793D223138312E30223E3C2F6F6D6764633A426F756E64733E0A20202020202020203C2F62706D6E64693A42504D4E4C6162656C3E0A2020202020203C2F62706D6E64693A42504D4E456467653E0A2020202020203C62706D6E64693A42504D4E456467652062706D6E456C656D656E743D22666C6F7733222069643D2242504D4E456467655F666C6F7733223E0A20202020202020203C6F6D6764693A776179706F696E7420783D223239372E302220793D223236312E30223E3C2F6F6D6764693A776179706F696E743E0A20202020202020203C6F6D6764693A776179706F696E7420783D223232302E302220793D223330342E30223E3C2F6F6D6764693A776179706F696E743E0A20202020202020203C62706D6E64693A42504D4E4C6162656C3E0A202020202020202020203C6F6D6764633A426F756E6473206865696768743D2231342E30222077696474683D2232342E302220783D223239372E302220793D223236312E30223E3C2F6F6D6764633A426F756E64733E0A20202020202020203C2F62706D6E64693A42504D4E4C6162656C3E0A2020202020203C2F62706D6E64693A42504D4E456467653E0A2020202020203C62706D6E64693A42504D4E456467652062706D6E456C656D656E743D22666C6F7735222069643D2242504D4E456467655F666C6F7735223E0A20202020202020203C6F6D6764693A776179706F696E7420783D223234302E302220793D223332342E30223E3C2F6F6D6764693A776179706F696E743E0A20202020202020203C6F6D6764693A776179706F696E7420783D223334392E302220793D223332342E30223E3C2F6F6D6764693A776179706F696E743E0A20202020202020203C62706D6E64693A42504D4E4C6162656C3E0A202020202020202020203C6F6D6764633A426F756E6473206865696768743D2231342E30222077696474683D2237322E302220783D223234302E302220793D223332342E30223E3C2F6F6D6764633A426F756E64733E0A20202020202020203C2F62706D6E64693A42504D4E4C6162656C3E0A2020202020203C2F62706D6E64693A42504D4E456467653E0A2020202020203C62706D6E64693A42504D4E456467652062706D6E456C656D656E743D22666C6F7736222069643D2242504D4E456467655F666C6F7736223E0A20202020202020203C6F6D6764693A776179706F696E7420783D223430312E302220793D223335322E30223E3C2F6F6D6764693A776179706F696E743E0A20202020202020203C6F6D6764693A776179706F696E7420783D223239372E302220793D223337362E30223E3C2F6F6D6764693A776179706F696E743E0A20202020202020203C62706D6E64693A42504D4E4C6162656C3E0A202020202020202020203C6F6D6764633A426F756E6473206865696768743D2231342E30222077696474683D2232342E302220783D223430312E302220793D223335322E30223E3C2F6F6D6764633A426F756E64733E0A20202020202020203C2F62706D6E64693A42504D4E4C6162656C3E0A2020202020203C2F62706D6E64693A42504D4E456467653E0A2020202020203C62706D6E64693A42504D4E456467652062706D6E456C656D656E743D22666C6F7734222069643D2242504D4E456467655F666C6F7734223E0A20202020202020203C6F6D6764693A776179706F696E7420783D223232302E302220793D223334342E30223E3C2F6F6D6764693A776179706F696E743E0A20202020202020203C6F6D6764693A776179706F696E7420783D223239372E302220793D223337362E30223E3C2F6F6D6764693A776179706F696E743E0A20202020202020203C62706D6E64693A42504D4E4C6162656C3E0A202020202020202020203C6F6D6764633A426F756E6473206865696768743D2231342E30222077696474683D2234382E302220783D223232302E302220793D223334342E30223E3C2F6F6D6764633A426F756E64733E0A20202020202020203C2F62706D6E64693A42504D4E4C6162656C3E0A2020202020203C2F62706D6E64693A42504D4E456467653E0A2020202020203C62706D6E64693A42504D4E456467652062706D6E456C656D656E743D22666C6F7731222069643D2242504D4E456467655F666C6F7731223E0A20202020202020203C6F6D6764693A776179706F696E7420783D223239372E302220793D223130352E30223E3C2F6F6D6764693A776179706F696E743E0A20202020202020203C6F6D6764693A776179706F696E7420783D223239372E302220793D223132362E30223E3C2F6F6D6764693A776179706F696E743E0A20202020202020203C62706D6E64693A42504D4E4C6162656C3E0A202020202020202020203C6F6D6764633A426F756E6473206865696768743D2231342E30222077696474683D2234382E302220783D223239372E302220793D223130352E30223E3C2F6F6D6764633A426F756E64733E0A20202020202020203C2F62706D6E64693A42504D4E4C6162656C3E0A2020202020203C2F62706D6E64693A42504D4E456467653E0A202020203C2F62706D6E64693A42504D4E506C616E653E0A20203C2F62706D6E64693A42504D4E4469616772616D3E0A3C2F646566696E6974696F6E733E, '0');
INSERT INTO `act_ge_bytearray` VALUES ('37513', '1', 'AskForLeave.png', '37511', 0x89504E470D0A1A0A0000000D494844520000044D0000023608020000002AC8E14E0000345949444154789CEDDD7F6C5D777D3F7E430B75810AA301C9FAC76A86A65A0C1A6F458A354D8BCBB4C693B671A521EAED8F70253408EAC6B20931B3AD741ACDAC69306F5F56850D3A6B533FF384522CD1761E4D3AAF4B8BD7A689DB12B8B40D35A4296ED394DB25696E133B3EDF937BDBDBDBFBCBF7DAD73EBEEFFB78E8A5E8F8DCF739F77D7CA8EEEBC9B93EA72B020000084B57D213000000683139070000088D9C0300008446CE0100004223E7000000A19173000080D0C83900004068E41C00002034720E0000101A39070000088D9C0300008446CE0100004223E7000000A19173000080D0C83900004068E41C00002034720E0000101A39070000088D9C0300008446CE0100004223E7000000A19173000080D0C83900004068E41C00002034720E0000101A39070000088D9C0300008446CE0100004223E7000000A19173000080D0C83900004068E41C00002034720E0000101A39070000088D9C0300008446CE0100004223E7000000A19173000080D0C83900004068E41C00002034720E0000101A39070000088D9C0300008446CE0100004223E7000000A19173000080D0C83900004068E41C00002034720E0000101A39070000088D9C0300008446CE0100004223E7000000A19173000080D0C83900004068E41C00002034720E0000101A39070000088D9C0300008446CE0100004223E7000000A19173000080D0C83900004068E41C00002034720E0000101A39070000088D9C0300008446CE0100004223E7000000A19173609DE472B9C9C9C99B6FBE39954A0DBE6A6868285E33313191CD66939E20004038E41C587371BC89F34C7777779C70E254B377EF1DFBF6DF5BA83BEFBAFBA69B3E3F3C3CDCD3D3333030303E3E9EF46401004220E7C01A9A9D9D1D1C1C8CE34D9C67CE2F2CD6AF03F73FB063C7C7FAFBFBA7A7A7939E3800407B937360AD8C8E8EC6A165DFFE7B974D38A575F0E143DBB66DDBB973672E974BFA080000DA959C03AD174794E1E1E1919191A6124E69FDC3ADB70E0E0ECECFCF277D2800006D49CE81168B43CEC0C0C0C4C4C48A434EF16B6CF17EE6E6E6923E200080F623E7408B0D0F0FAF3EE414BFC316471D5F60030068969C03AD343A3ABA9AAFAB55D6DEBD77A452A9A40F0B00A0CDC839D032B3B3B3FDFDFD2D0C3985FAC4273EB967CF9EA40F0E00A09DC839D03271C839F8F0A196E79C634F1FBFEAAA5EDF5E0300689C9C03AD313939994AA55A1E720AF5E94FFFE1D8D858D2870800D036E41C688DC1C1C1661F95D3D4259DCD9B37277D8800006D43CE8116C866B33D3D3D6B14720AB575EBD6999999A40F1400A03DC839D002E3E3E3E9747A4D73CE2DBB778F8C8C247DA00000ED41CE8116D8B973E79E3D7BD634E7ECDB7FEFE0E060D2070A00D01EE41C6881A1A1A13BEFBA7B4D73CE93478F5E75556FD2070A00D01EE41C688135BAA374699D3A7DA6BBBB3BE9030500680F720EB4C0E6CD9B8F3D7D7C4D734E5C5D5DFE8305006888B6095AA0AFAFEF3B478EC83900001B84B6095A604D1F9EE3EF7300009A25E7400BA4D3E9AFDD76DB9AE69C03F73FB075EBD6A40F1400A03DC839D0026363639FFEF41FAE69CE8973D48E1D1F4BFA400100DA839C032D303737D7DBDBBBA63967FBF6ED535353491F2800407B9073A035D6F45604A74E9FE9E9E9C9E572491F2500407B9073A035D6F4AB6B5FFCD297E29D277D8800006D43CE81D6C8E572BDBDBD6BF1149D53A7CF5C7555EFFCFC7CD2870800D036E41C68998989898FDE70838B390000899373A0957EEBC31FDEBBF78E16869CEF1C39B265CB9653A7CF247D640000ED44CE8156CA66B35BB76E6DD50D094E3C7F320E394F1E3D9AF4610100B41939075A2C93C9C451270E27AB0F39BFF5E10FDF79D7DD491F100040FB9173A0F5666767B76CD972E0FE0756F375B5382C093900002B23E7C09AC866B3DBB66DBBE9A6CF9F78FE645309E7D4E9335FFCD2970A5F7E4BFA200000DA959C036B2597CBC539E7EAABFBE2DC12A7974642CED76EBB2D1EFFE94FFF619C8E929E3E00401B9373606DCDCFCFEFDAB5ABA7A7E7B73EFCE138C61C7CF85059B689D7DC7EFBFFFBE80D37C46376ECF8D8DCDC5CD2530600687B720EAC875C2E373939994EA7B76CD9D2F57AF19A38E44C4C4C64B3D9A4A70900100839079211679EA4A70000102C390792D1D5E5BF3E0080B5A2D3826414724E31ED947D99ADD6F80677BBEC4A290B00089B5E0792519973CA5EAAB54923BBADF37655353B7900800D4E7F03C968E47A4EAD58D2F8B0FAEF0E00102ABD0E24A34E26693684D4DAB6D677D85CCC010082A7C5816434723DA76C70E572FD57CB765E6B130080F0E8752019653967D99175D634F2BDB52E7F9F03007412FD0D24A3347844B5BF4E5619876AAD6970D9851D00A0136871201955AFA5D4491D75AEFF349B735CCC010082A7C5816494E596B2AB3A7536A9BABEC1EFAD55EE44CE010082A4C58164D4CA390D8EAF7CA9C165D77300804EA0C581F533313111E78AEEEEEEFEFEFE7861F3E6CDF1BF6F79CB5B32994CFD18539658968D437576E27A0E00D009B438B07EBEF18D6F545E4EB9EEBAEBCABEB4569A4996CD2D95EB6B8DAF1CE07A0E00102A2D0EAC9F5C2E77D965979586996BAEB966F3E6CDD96C36E9A901000445CE8175F5B9CF7DEED24B2F2DE69C4F7DEA53232323494F0A002034720EACB74D9B361542CE0D37DCD0DBDB9BCBE5929E11004068E41C586FF7DD77DF9BDEF4A638E70C0D0D4D4E4E263D1D008000C93990800F7DE843859C93F4440000C224E74002E6E7E7E39C93C964929E08004098E41C48861B3A0300AC1D9D169D2597CB4D4C4C0C0F0F0F0E0EF6F6F6563ECDA643C4C71EFF0652A9D4F8F8B8BB5A0300E19173E820535353717F1F879CDB6FBF7DDFFEFD4F1E3D7A7E61A1332B3EF6F837B077EFDE1D3B76C4BF9338ED247D7200005A49CEA12364B3D9743ABD7DFBF6634F1F3BBF705E95D689E74FC46927FEE5CCCFCF277DA200005A43CE217C71C8E9EFEFFFDA6D5F3DBF704ED5AA3BEFBA73EBD6AD737373499F2E0080169073085F3A9DCE879C9755FDDAB7FF9E6DDB7E25E9D30500D002720E819B9A9ADABEFDFA85C59C6AA43EFB279FD9BDFB0B499F340080D5927308592E97EBEDED7DFAF8DCC2E259D5489D3EF3932D5BAEF1601F00A0DDC939846C7C7C3C9D4E2F2CBE54ACEB867EA3C13B2F976ED551B57BF75F8E8C8C247DEA00005645CE2164A9546AEF1DFFFE5AC8B97EFB8FA3E88717A22716A2EF9E8B1E39171D3CBD3876C7BDDF3AFEE283E7A3FFCD450FE6A2032F45F7BC1CFDFD81C73EB1F39389478E44EAE14333FDFDFD499F3A008055917308595F5FDF9123871716CF14AAABABEB74149D598A5E5C8C5E381FBD14457FFCA79FEF7AE3DB06AE4F1D5F888E9D8B8EBD1CCDE5A22717A3AF7FFB91FC259D331D58A7CF9CECEEEE4EFAD40100AC8A9C43C87A7A7A9E3F797C61F174A1E2E8F2D285E8DC858B2F2D2E5DFCF79B77FFE795EF7DFF9FDDF2C5C5283AB518BDB810BDB01065A3E89E871ECDE79CD39D59F1B1277BE2000056493743C8F259E554B1E21FCF2C4627CF46E72FBC32209BCDFEED97BFF285BFF9F2B1672E3E227361293A9FCF3F0F3CFC48D9B61D55720E00D0EE7433842C9F55FEAF581773CE85E8C44BD1B3A7A385283A7FEE5CDFD55777755DD2D5D5FD91DFD951BAE1C14387CBB6EDA89273008076A79B2164F9ACF262B10ADF5B3B79367AE654F4DCCBD1C1233FD8B469D32597BEF9F2B7BF73F8775F97731E7AF850D9B61D55720E00D0EE7433842C9F55B2C58A7F3CBB14BD90BB783DE7C4CBD1FE87321FD872ED3BDFF5EEB7F7BCE32BFFF2F597A3E8F4B9E8A57317373C30F350D9B61D55720E00D0EE7433842CEED717177F52AC42FB1E479D1717A29F9C8F9E39B5F0C063735B7EF183D7FDDAAF3F772E7A36173D978B4E9E8BE2A473E0C187CAB6EDA89273008076A79B2164655965F0BA6D8F7EEF89838F65666633F71FCADC7FF8F1071E3DFA5F0F7EF7DB8F3D75DFA1C7FFE7D0F7EF3FFCFD99471E7FEC891FDDFA8FB77DF4868F269E37E41C008095D1CD10B27CCE79A1B46EBCF1935D0DF8ED8F7CA46CC38E2A3907006877BA194296CF392755B325E70000ED4E3743C82EE69C0BCFAB664BCE0100DA9D6E8690E573CE09D56CC9390040BBD3CD10B27CCE794E355B720E00D0EE7433842C9F739E55CD969C0300B43BDD0C21CBE79C79D56CC9390040BBD3CD10323947CE01003A936E8690E573CE8FAB56AD978AEB2B175650F5B72D7D8B4A0DEEA46C8775F6D3D4B4933E750000ABA29B216471BF7EE1C233855AF6D9A0C561B516AA56D59D545D5F6B58ADDD562ED79A70E95BD4997CADA9567DF7A44F1D00C0AAE8660859BE9B3F5EA8D2E5CA2ABEDAC842D98625C9A1E6FE97DD4F5383CB56363EE706672BE70000ED4E3743C8F2DDFCD355ABEA4B2519E0B501950BB536A9B5FFA676587F93AA5B950EABD4E084CBC6247DEA000056453743C8F2DDFCB162558D01AF36FDAF8DA91C5CBABEACCA362F7BA96C8765FBA9B561E9E0AAD3AB3CAE65171A9C737140D2A70E0060557433842CDFCDFFA858A53F2EBB5CBA50B69FB27D56BE5A3B4DD57CDFCA3DD49952E5F4CA765E7593FA732E1B90F4A903005815DD0C21ABCC397512485906A81F151ACF0CF513D46A06D78A64B50E4DCE01003A876E8690E5BBF91F16ABF4C7AACBAF0680F295A53B29ABD24D2AD797848D2A3BACB3E7E226657B285B536B3F2B9B73E980A44F1D00C0AAE86608D9C56E7E69AE58552F77BCD2F4978CA9B550B52AF750B95561B9A93D37F552E90EEB1C5AFD09978D49FAD40100AC8A6E8690E5BBF9A78A55FAE3B2CB8585572341F9B0D2F125C9A1DE7B550EABBAC3AA9BD7DFAAFEBB3732DBCA61499F3A008055D1CD10B27C37FF83AA55EBA5E2FA57C3C0EBD6541DFFFAF050737DE5E6CB4EAF6C9F55B76A644CFDA9561D99F4A903005815DD0C21CB77F347AB56D5975E0D00E5034AB241F5BDD5DF7F61B972F33A73A83AB8D2B2039A9A73E9AE923E750000ABA29B2164F92EFF49D56CC9390040BBD3CD10B27CCE7942355B720E00D0EE7433844CCE91730080CEA49B216471BFBEB4F4B86AB6E41C00A0DDE96608593EE77C5F355B720E00D0EE7433842C9F7332AAD99273008076A79B2164F99CF33DD56CC9390040BBD3CD10B2EEEEEEB3670F2F2D7D573555720E00D0EE743384ACB7B7F7A9A7BEB5B474443555720E00D0EE7433846C6868E83FA6F62C45DF518DD7F732DFECEBEB4BFAD40100AC8A9C43C846474747463E9E787268AFFAE7F15BD2E974D2A70E006055E41C42363737D7D7F79EB3B9834BD163AAC14AA53E34393999F4A9030058153987C0DD7CD1CEA5E851D548FDDBC45F0F0F0F257DD20000564BCE2170B95C6E70F0833333FF1A458FA8FA353FBFBFAFEF3DD9EC81A44F1A00C06AC939842F93C9F4F75F9DC94C46D1ACAA5571C88903E1F4F457933E5D00002D20E7D011666666E2A8333AFA0751745855D6E4E497FAFA7AA7A7FF29E9130500D01A720E9D2297CB8D8CA40707AF1D1FFF8BF9F97BA2E890CA66FF7B62E2AF8687B7A75283F172D2A70800A065E41C3ACBF4F4743AFD9B9B37FF54175D5D3D3D570C0F5F1F479DA44F0B00408BC939900CCFA80100583B720E24A3ABCB7F7D00006B45A705C9287C73ACB85CB6506B93359F16004010B44D908C46724E65B0117500001AA1678264D4CF390D5EE10100A02A2D1424A378D3B3A8817853F56E69EB3C61008036A2558264945DCFA91A7BAA6EB54EF3030068677A264846ADEFAD9526197F9F0300B0327A264846FDEFAD950EABF323000055E99920194DDD57DADFE700003445AB04C958C1F3731A1900004024E740522A73CECA9EA8030040253D1324A3F27E6B5145BC711F02008095D1334132AA5EBD895E7F7F82B235FE440700A041FA244886940200B076745A900C39070060EDE8B460FD4C4C4CC4F1A6BBBBBBBFBF3F5ED8BC7973FCEF5BDEF2964C2693F4D400008222E7C0FAF9C637BE51F93736D75D77DDE4E464D2530300088A9C03EB2797CB5D76D965A521E79A6BAED9BC7973369B4D7A6A0000419173605D7DEE739FBBF4D24B8B39E7539FFAD4C8C848D2930200088D9C03EB6DD3A64D859073C30D37F4F6F6E672B9A4670400101A3907D6DB7DF7DDF7A637BD29CE39434343FE320700602DC83990800F7DE843859C93F4440000C224E74002E6E7E7E39CE376D200006B44CE8164784E2800C0DAD169D15972B9DCC4C4C4F0F0F0E0E0606F6F6FE5D36C3A447CECF16F20954A8D8F8FBBAB3500101E39870E32353515F7F771C8B9FDF6DBF7EDDFFFE4D1A3E717163AB3E2638F7F037BF7EEDDB16347FC3B89D34ED2270700A095E41C3A42369B4DA7D3DBB76F3FF6F4B1F30BE755699D78FE449C76E25FCEFCFC7CD2270A00A035E41CC217879CFEFEFEAFDDF6D5F30BE754ADBAF3AE3BB76EDD3A373797F4E9020068013987F0A5D3E97CC87959D5AF7DFBEFD9B6ED57923E5D00002D20E710B8A9A9A9EDDBAF5F58CCA946EAB37FF299DDBBBF90F4490300582D398790E572B9DEDEDEA78FCF2D2C9E558DD4E9333FD9B2E51A0FF60100DA9D9C43C8C6C7C7D3E9F4C2E24BC5BA6EE8371ABCF372E9561D55BB77FFE5C8C848D2A70E006055E41C42964AA5F6DEF1EFAF859CEBB7FF388A7E78217A6221FAEEB9E89173D1C1D38B6377DCFBADE32F3E783EFADF5CF4602E3AF05274CFCBD1DF1F78EC133B3F9978E448A41E3E34D3DFDF9FF4A903005815398790F5F5F51D39727861F14CA1BABABA4E47D199A5E8C5C5E885F3D14B51F4C77FFAF9AE37BE6DE0FAD4F185E8D8B9E8D8CBD15C2E7A7231FAFAB71FC95FD239D38175FACCC9EEEEEEA44F1D00C0AAC83984ACA7A7E7F993C717164F172A8E2E2F5D88CE5DB8F8D2E2D2C57FBF79F77F5EF9DEF7FFD92D5F5C8CA2538BD18B0BD10B0B51368AEE79E8D17CCE39DD99151F7BB2270E0060957433842C9F554E152BFEF1CC6274F26C74FEC22B03B2D9ECDF7EF92B5FF89B2F1F7BE6E223321796A2F3F9FCF3C0C38F946DDB5125E70000ED4E3743C8F259E5FF8A7531E75C884EBC143D7B3A5A88A2F3E7CEF55D7D7557D7255D5DDD1FF99D1DA51B1E3C74B86CDB8E2A3907006877BA194296CF2A2F16ABF0BDB59367A3674E45CFBD1C1D3CF2834D9B365D72E99B2F7FFB3B877FF77539E7A1870F956DDB5125E70000ED4E3743C8F259255BACF8C7B34BD10BB98BD7734EBC1CED7F28F3812DD7BEF35DEF7E7BCF3BBEF22F5F7F398A4E9F8B5E3A7771C303330F956DDB5125E70000ED4E3743C8E27E7D71F127C52AB4EF71D4797121FAC9F9E899530B0F3C36B7E5173F78DDAFFDFA73E7A26773D173B9E8E4B9284E3A071E7CA86CDB8E2A3907006877BA194256965506AFDBF6E8F79E38F85866663673FFA1CCFD871F7FE0D1A3FFF5E077BFFDD853F71D7AFC7F0E7DFFFEC3DF9F79E4F1C79EF8D1ADFF78DB476FF868E27943CE01005819DD0C21CBE79C174AEBC61B3FD9D580DFFEC847CA36ECA89273008076A79B2164F99C7352355B720E00D0EE743384EC62CEB9F0BC6AB6E41C00A0DDE96608593EE79C50CD969C0300B43BDD0C21CBE79CE754B325E70000ED4E3743C8F239E759D56CC9390040BBD3CD10B27CCE9957CD969C0300B43BDD0C219373E41C00A033E96608593EE7FCB86AD57AA9B8BE72A1D92ADBB0FE7EEABC5D236B5A35E7E2E6499F3A008055D1CD10B2B85FBF70E199422DFB6CD0E2B05A0B55ABEA4EAA6EB8EC7EEA8C6CF0D5FA73AE33D5CA91499F3A008055D1CD10B27C377FBC50A5CB95557CB59185B20D4B9243957DD6C85435275067FFB5765275AA55DFABFE1C4A87257DEA000056453743C8F2DDFCD355ABEA4B2519E0B501950BB536A95C59BABECE981A31A6E69B96AD2F1B5CE7A86B4DB8724CD2A70E0060557433842CDFCD1F2B56DD50F1DA98CAC1A5EBCBAA6CF3B297EAFC587562CBEEA4EAFAB23937F876B55E2D0C48FAD40100AC8A6E8690E5BBF91F15ABF4C765974B17CAF653B6CF5AAF16D657CB54D58795CDA4726ECBAEAF73BC0DCEB93820E9530700B02ABA194256D9F7D7BE9E539E012A03CF0A724E657A5941CE5976CECD969C0300044F3743C8F2DDFC0F8B55FA63D5E5570340F9CAD29D9455E926652BABEEA1D6941A7CBB3A73A891851A9D73D980A44F1D00C0AAE86608D9C56E7E69AE58F5F240C9985A0B55AB720F95BB2A2E57CE67D9E5A6C697BD4BAD59D59A70E998A44F1D00C0AAE8660859BE9B7FAA58A53F2EBB5C58783512940F2B1D5F921CCA5F5AFD8FC5692C3BD5FA83979D6DD9B0A44F1D00C0AAE8660859BE9BFF41D5AAF55271FDAB61E0756BAA8E7F7D78A8FE1665BB6A763E55F75C39B1FA13AE33D5CA374DFAD40100AC8A6E8690E5BBF9A355ABEA4BAF0680F20125D9A0FADEEAECAA6CC35AFB597665454AA9BEBE52E3732EDD67D2A70E0060557433842CDFE53FA99A2D3907006877BA194296CF394FA8664BCE0100DA9D6E8690C939720E00D0997433842CEED797961E57CD969C0300B43BDD0C21CBE79CEFAB664BCE0100DA9D6E8690E5734E46355B720E00D0EE7433842C9F73BEA79A2D3907006877BA1942D6DDDD7DF6ECE1A5A5EFAAA64ACE0100DA9D6E8690F5F6F63EF5D4B796968EA8A64ACE0100DA9D6E86900D0D0DFDC7D49EA5E83BAAF1FA5EE69B7D7D7D499F3A008055917308D9E8E8E8C8C8C7134F0EED55FF3C7E4B3A9D4EFAD40100AC8A9C43C8E6E6E6FAFADE73367770297A4C3558A9D487262727933E750000AB22E710B89B2FDAB9143DAA1AA97F9BF8EBE1E1A1A44F1A00C06AC939042E97CB0D0E7E7066E65FA3E81155BFE6E7F7F7F5BD279B3D90F4490300582D3987F0653299FEFEAB3399C9289A55B52A0E3971209C9EFE6AD2A70B00A005E41C3AC2CCCC4C1C754647FF208A0EABCA9A9CFC525F5FEFF4F43F257DA200005A43CEA153E472B99191F4E0E0B5E3E37F313F7F4F141D52D9EC7F4F4CFCD5F0F0F6546A305E4EFA140100B48C9C4367999E9E4EA77F73F3E69FEAA2ABABA7E78AE1E1EBE3A893F4690100683139079A93CBE5929E020000CB9073A039A954AAABEB95FF702A17AA2ABC5A7F0C00002DA4F182268C8C8C8C8E8EAE2CE72C3B0C008056D17541A3C6C7C7D3E974542DB7942D94E699AA7F18B3AEF30600E83CFA2D68C8F4F4F4D0D0502E972BCD2ACB069EAA0B0000AC358D172C6F6E6EAEBFBF3F9BCD167E2C8D2E55634F51E9D51B39070060DD68BC601971BC89434E1C758A6BAA5EABA91A72A26ADF5B5B8F49030074362D17D493CBE5868686A6A7A74B57D6F9DE5A25D7730000D69FC60BEA49A7D3E3E3E3A56BAA7E154DCE0100D850345E50D3E8E8E8C8C848E5FA06738EEFAD01002445CB05D54D4E4EA652A9AA2F55DE45DAFDD6000036148D175431333333383898CBE5AABE5A79FB81FACFCF295B000060AD69BCA0DCDCDCDCC0C0C0FCFC7CD5576BDD2ABAD6D7D22ABFB726F00000AC35FD16BC4E369B1D1C1C9C9D9D4D7A220000AC9C9C03AF33343434353595F42C0000581539075EB36BD7AEB1B1B1A4670100C06AC939F08A3D7BF6ECDCB933E9590000D002720E5C34353535343494F42C0000680D3907A24C2633303090CD66939E080000AD21E7D0E9E6E7E7E39033373797F4440000681939878E96CBE5060707676666929E080000AD24E7D0D1868787272626929E0500002D26E7D0B9464646464747939E050000AD27E7D0A1262626868787939E0500006B42CEA1134D4F4F0F0D0DE572B9A4270200C09A9073E838737373FDFDFDEE220D0010303987CE12C79B8181814C2693F44400005843720E1D2497CB0D0D0D4D4F4F273D110000D6969C4307D9B973E79E3D7B929E0500006B4ECEA1538C8D8DEDDAB52BE9590000B01EE41C3AC2E4E4642A954A7A160000AC133987F0CDCECE0E0C0CB88B340040E7907308DCDCDCDCE0E060FC6FD213010060FDC839842C97CB0D0C0CCCCECE263D110000D6959C43C852A9D4E4E464D2B3000060BDC939046BD7AE5D63636349CF02008004C8398469CF9E3D3B77EE4C7A16E1C8E572131313C3C3C3838383BDBDBD5D9D2A3EF6F837904AA5C6C7C7B3D96CD2A70500A849CE21405353537127EA066BAD12FF3EE3FE3E0E39B7DF7EFBBEFDFB9F3C7AF4FCC24267567CECF16F60EFDEBD3B76EC887F2771DA49FAE40000D5C939842693C90C0C0CF8FFDA5B22FE35A6D3E9EDDBB71F7BFAD8F985F3AAB44E3C7F224E3BF12F677E7E3EE9130500949373084ADC97F7F7F7BB8B744B147E995FBBEDABE717CEA95A75E75D776EDDBAD5FFE40060A3917308472E971B1C1C9C9999497A228148A7D3F990F3B2AA5FFBF6DFB36DDBAF247DBA0080D7917308C7F0F0F0C4C444D2B308C4D4D4D4F6EDD72F2CE65423F5D93FF9CCEEDD5F48FAA40100AF917308C4E8E8E8C8C848D2B308442E97EBEDED7DFAF8DCC2E259D5489D3EF3932D5BAEC96432499F3A00E015720E6D69DFBE7DA5B7BA2ADCF238B9E98426FEDDA6D3E985C5978A75DDD06F3478E7E5D2AD3AAA76EFFE4B491B00360E39878DA57083AF65EF96F6B33FFBB3714B5D18363333333838E82ED22D944AA5F6DEF1EFAF859CEBB7FF388A7E78217A6221FAEEB9E89173D1C1D38B6377DCFBADE32F3E783EFADF5CF4602E3AF05274CFCBD1DF1F78EC133B3F9978E448A41E3E34D3DFDF9FF4A903005E21E7B081C4B965DBB66D5FBBEDB638B7D4893AF3F3F371C8D9B469D3AE5DBBE6E6E6060606DCD8B7B5FAFAFA8E1C39BCB078A650F16FFB74149D598A5E5C8C5E381FBD14457FFCA79FEF7AE3DB06AE4F1D5F888E9D8B8EBD1CCDE5A22717A3AF7FFB91FC259D331D58A7CF9CECEEEE4EFAD40100AF9073D8280A21E7E0C387CE2F2CC6FFD6893A7FF4477F54F88AD415575CD1DBDBEB8F225AAEA7A7E7F993C717164F172AFE55BF74213A77E1E24B8B4B17FFFDE6DDFF79E57BDFFF67B77C71318A4E2D462F2E442F2C44F1D9BAE7A147F339E77467567CECC99E3800A0C8A7321B4269C829549DA873E5955716FF1AE4D24B2FDDB469D3D8D8D8FACF3960F9AC72AA58F18F6716A39367A3F3175E19109F97BFFDF257BEF0375F3EF6CCC52B690B4BD1F97CFE79E0E147CAB6EDA892730060E3F0A94CF22A434E9DA853F8D25AECB2CB2EFBE55FFEE5BEBEBE818181D9D9D9A4261FA47C56F9BF625DCC3917A2132F45CF9E8E16A2E8FCB9737D575FDDD575495757F7477E6747E986070F1D2EDBB6A34ACE01808DC3A73209AB15726A459DC297D6DEFFFEF7BFF7BDEF8D5FF2A5B5B590CF2A2F16ABF0BDB59367A3674E45CFBD1C1D3CF2834D9B365D72E99B2F7FFB3B877FF77539E7A1870F956DDB5125E700C0C6E1539924D50F3955A3CEFBDEF7BE2BAFBCF2AD6F7DAB4782AE9D7C56C9162BFEF1EC52F442EEE2F59C132F47FB1FCA7C60CBB5EF7CD7BBDFDEF38EAFFCCBD75F8EA2D3E7A297CE5DDCF0C0CC4365DB7654C93900B071F85426318D849CCAA8D3DBDB1BE79C679F7D36E9E9872CEED717177F52AC42FB1E479D1717A29F9C8F9E39B5F0C063735B7EF183D7FDDAAF3F772E7A36173D978B4E9E8BE2A473E0C187CAB6EDA892730060E3F0A94C321A0F39A551E7F1C71F1F1818989B9B4B7AFA812BCB2A83D76D7BF47B4F1C7C2C33339BB9FF50E6FEC38F3FF0E8D1FF7AF0BBDF7EECA9FB0E3DFE3F87BE7FFFE1EFCF3CF2F8634FFCE8D67FBCEDA3377C34F1BC21E700003E954940B32167D93BB0D15AF99CF34269DD78E327BB1AF0DB1FF948D9861D55720E006C1C3E95596F2B0B39A2CE7ACAE79C93AAD992730060E3F0A9CCBAAA0C3977DE75F7D557F73D79F468D56073E2F9935BB66CF9DA6DB7893AEBE962CEB9F0BC6AB6E41C00D8387C2AB37EAA869CEEEEEEB83BBCEAAADECAA8530839852F44893AEB299F734EA8664BCE01808DC3A732EBA44EC829288B3AA52147D45967F99CF39C6AB6E41C00D8387C2AB31E2A43CEA9D367366FDE5CF657ECC5A85319726271283AF6F47151671DE473CEB3AAD992730060E3F0A9CC9AAB75E381784D4F4F4F65D43974F870D59073E75D77BB2D410B4D4C4CD4BA43773EE7CCAB664BCE01808DC3A7326BABFEDDD5AA469D37BFF9CD8D841C5167351E7FFCF1C2EFF68A2BAED8BB776FD9AB728E9C0300EDCEA7326BA8915B48578D3A0D861C5167C572B9DC1BDFF8C6C26FF84D6F7AD3CFFFFCCF975EDBC9E79C1F3758B50617D7572EACA04AB7ADBF9FD5BCBACA92730060E3F0A9CC5A69FC393975A2CEB22147D459B1B2BF8FBAFCF2CB3FFEF18FC7F927CAE79C0B179EA955754269417158AD854676DBF87B35389FAA73A83AA0D6B6CB56979C03001B864F65D64A1C72F6EDBFB7C10780FED7F47F5F72C925652DE61BDEF086DB6EFBE706F710BFD760DEB25D2F8DB870E178AD6AF0D54616CA36ACF3EEA52BEB0F58F65D4ADFAED62134F27BA8BA61D2FFD90100AFF0A9CC5A999D9D8DA3CE89E74F2E1B51AADE5DADA0EA7375AAEE214E38F13B564EA356EB59A7C5AFB56DD55D35B29F8DE9ED6F7F7B71AAA9BCF87798C964A257AEE73CDD60551D5C92135E1B50B9506B93AAEB2B2D3BACF17759D9B0CAAD923EAB00C02B7C2AB3861A893A75424EC1B251A74EC8896AE79C46C6948596B289AD6C3FB576D2C89816CA66B3859DF7F5F5FDDEEFFD5EFCEFC4C444E9642E5C3856A7EACCB6744CE5E0D2F555F7B9ECFBD61FB0EC9846F6D0F87C2A37598B930500AC804F65D656FDA85335E4BCE10D6F285B5327EAD40F39D12A724E7165D7AB2167D91DB6AACD5D8776F9873FFC617777F7D0D0506F6FEFC8C848D99F36E5FBFB1FD5A9D201CB2E972ED4D973D557EB04AAD2F1AB19506B56F5675BEB10D6FAC401000DF2A9CC9AAB15756A3D0CF4EFFFBF2F577DAE4E65D45936E444ABBB9EB316631AB13EEDF2E4E4E4F8F878D547E82CDBDF3712188A3F7655049EC6734E9DC8D46C066B7C0F720E0004C0A732EBA132EAD40A3985BBABD57A846869D4A91572EAB4E00595D3ABD59E36B5933AFB6956E2ED72BEBFFF619D2A1D5075F9D59050BEB2FE3E6B0DA87A0AEABF5A7564E393A93F9F3A9B247BE20080229FCAAC93CAA8B363C7C74A9BD1B25B4857469DEDDBB79F3A7DA6F12B3905555BCF653BE3B5DB4FAD49B6643FAD72B1BF5F9AAB5375A65A3AA6D642FD7D567DA9F15D559D4383AF363299FA87B0CE670A00A8C5A732EBA74ED4A9FA9C9CD2A8B39A90B36CF7D9AA0C53E78D9A4A2F89B7CBF9FEFEA93A553A60D9E5C2C2ABB1A17C58E9F89274517D7D99A6C6944D66053359B6123F710040914F65D655D5A853E761A085A8B3B29013AD2EE7AC60644BDADC06E7BCA6F2FDFD0F1AAC5A838BEB5F0D0CAF5B5375FCEB034613EFD5F898CA9D97AD69641A75769EE05903004AF95466BD55469D38CCD4B96DF4778E1C290D39575E79E5DD77DFDDC81B95369D2BC827752E111434B89F666D989C73B4C1AA3AF8D590503EA0243F34BAF3FAEABC6FE3B36D55C93900B071F85426018D3F42B4F2EE6A939393030303CDFE65CE0A724ED59756BC9F06353EE735950F034FAA664BCE01808DC3A732C96836EA947E5D6D7E7E3E5E9E9A9AAAB3FFCA8EB3F13053E7D535CD394DCD794DE573CE13AAD992730060E3F0A94C621A8F3A957F9393CD6653A9D4F8F878E56E6B7DA9ACEA4B75BE845675DBFA7BAEF565B6FA9A9DF33A9073E41C0068773E9549522351A7D68D0772B95C3A9D1E1D1D4D64E6618BFBF5A5A5C755B325E700C0C6E1539984D58F3ACBDE5D6D646464E7CE9DEB39E14E90CF39DF57CD969C03001B874F6592572BEA34780BE93D7BF6A452A95C2EB73EB3ED04F99C9351CD969C03001B874F653684CAA8D3D47372262727E3C1D96C76ADE7D921F239E77BAAD992730060E3F0A9CC46511A759A0A39053333330303037373736B36C10ED2DDDD7DF6ECE1A5A5EFAAA64ACE01808DC3A7321B4821EA3C79F468B321A72093C934F8681DEAEBEDED7DEAA96F2D2D1D514D959C03001B874F65369638A5C44DF68AB34AD9A37596BD0D74D5BB3C333434F41F537B96A2EFA8C6EB7B996FF6F5F5257DEA008057E8EA084DE9A3751A7C304EADF5CB66A150F3D2E8E8E8C8C8C7134F0EED55FF3C7E4B3A9D4EFAD40100AF68EF6E0CAA2A3C5A676C6C6C3539A759ED9E6D4ACDCDCDF5F5BDE76CEEE052F4986AB052A90F4D4E4E267DEA00805784D39941995DBB76C9392B76F3453B97A2475523F56F137F3D3C3C94F44903005E1354670605C5C8112F0C0F0FE772B93A2144CEA92AFEA50D0E7E7066E65FA3E81155BFE6E7F7F7F5BD279B3D90F44903005E1354670605A539676262626868289BCD96AEACAFF17769C97E36AC4C26D3DF7F7526331945B3AA56C521270E84D3D35F4DFA740100AFD3F6AD189429BB4F40FCEFF4F4F4E0E060ADE051FF524FE3E925806053696666268E3AA3A37F10458755654D4E7EA9AFAF777AFA9F923E510040B9003B333A5C65CE89F2B7ABAE15755A924F0A3B0932EAE472B99191F4E0E0B5E3E37F313F7F4F141D52D9EC7F4F4CFCD5F0F0F6546A305E4EFA1401005504D896D1C9CA9246E98F737373F18FD3D3D3F53759CDFB0699730AE2DF5B3AFD9B9B37FFD4B2DFD6EB043D3D570C0F5F1F479DA44F0B005053B06D194415C1239BCD0E0D0D4D4C4CD419B3CA7759FDDE36BE4C2693F414000096117E4F4627AB4C1DB95C6E7878786C6CACCE9855BE45D851677474B4BFBFBFABE4A60E650B5575857EBD0B00D868B41D84A9F815A3AAAFEECAAB3366D96F2E15C7D479F7161ECE4690C9640606064646464AEFD3DD54CE5976180040ABE839E8506363638547EB243D91F650B88C33333353F8B14ECEA9BC74532B280200AC1DDD069DABF8689DA427B2A1955EC629AC29BBA8555CD9F80200C05AD376D0D10A8FD6999F9F4F7A221B54D9659CA2D2E85235F6948E94730080F5A7EDA0D3CDCECE0E0C0CB8875899CACB38A5AA5EABA9754B065F5A0300D69F86032E3E5A27EEE92BAF5A74AC5A97718AEA7C6FADEAE065C70000B496B6032ECA66B3838383939393494F2461F3F3F3752EE31454FD2A9A9C03006C28DA0E7845DCD9A752A93D7BF6243D91C48C8F8FF7F5F535725DABC19CE37B6B004052341CF03A3B77EE1C1919497A16EB6D7E7E7E6868289D4E3778F7B9CABB48BBDF1A00B0A1683BA0DCE8E868DCF177CEA3750A9771A6A6A61ADFA4F2F603F59F9F53B60000B0D6B41D5045DCFAA752A9E01FADD3EC659C825AB78AAEF5B5B4CAEFAD093C00C05AD36D4075535353613F5A670597710000DA859C033585FA689D955DC601006823720ED413DEA3755CC601003A819C03CB08E6D13AF181B88C030074083907965778B4CEF8F878D21359B9A9A92997710080CE21E740A3D2E9F4CD37DF9CF42C9A96CD66E3990F0D0D057C4F05008032720E3421CE397166487A164D285CC669EB2B5100002B20E74073E2CC303434B4F19F22EA320E00D0C9E41C68DAD4D4D4C0C040F1AFF9FFFCCFFF7CA3FD65BFCB3800408793736025666767FBFBFBE7E6E6E6E7E72FB9E492E1E1E1A467F40A97710000223907562C0E3971D4D9BE7D7B5757D73BDEF18E8D7049C7651C008002390756A8F008D1AEBC77BFFBDDBFFFFBBF5F7F7C2E979B9C9CBCF9E69B53A9D4E0AB868686E235713269FCF2CB673EF399CA24E3320E004029390756E2C61B6FBCE4924BBA4AFCF44FFFF4ECEC6CD5C171BC89B34DD772FAFBFBF7ECD953FF0E07F1FBC6232FBBECB2D26133333371E272190700A048CE81958823CDD0D0D0BBDFFDEEF7BDEF7D575C71459C3DE2D873EDB5D7960D9B9E9E2E5EF369506F6F6F9C8BAABEE9830F3E5818F3810F7CA030264E3B232323F15B643299353F660080F621E7C0CACDCDCD8D8D8DF5F7F7C781E75DEF7A57777777F1A24A9C40D2E974E5159BCF7EF64FF6EEBD63DFFE7B8B75D34D9F2FFC914FA9542A55F9073F3FF3333F5378F5AD6F7DEBFBDFFFFE7DFBF6C53B1C1D1D5DEFC30600D8F0E41C688142E08973489C40E284333F3F5F7619E7D39FFEC3278F1E3DBFB058AB4E3C7FF21F6EBD75F3E6CDA517764ABF08F7777FF7776559E8F2CB2F7FE8A187123C6A00800D4BCE81569A9A9AFA855FF88538A214D3C8D0D050FD845396766EBAE9F3C56DBBBBBB676666A2FC6D06E2E5B29CF34BBFF44B1BE77ED600001B8A9C03AD94CBE54AAFE4DCB27B778309A7B46EBFFDFF15534D1C99E6E7E753A9D4E5975F7ECD35D7FCDCCFFDDC3BDEF18EBEBEBE787DE9D7E400002825E7402B0D0F0F1743CEDEBD77AC20E414EAE0C3877A7A7A0AFB191C1C2C64A7B7BDED6DD75E7BEDCD37DF3C3D3D3D373797F4B102006C5C720EB4CCE4E4E42AAFE494D69D77DD5DDCDBAFFEEAAFBAA91A0040E3E41C6899FEFEFEE2DFE4AC32E414AAF8B73A9B376FAEFF5C1D00004AC939D01A131313C59B071C7BFA784B72CEA9D3678A7760DBB56B57D2870800D036E41C688DC1C1C1E22DA45B12720AF5B5DB6E2BECB6A7A727E9430400681B720EB440369B2DFE2D4DAB2EE614EBAAAB5EB94BF5F4F474D2070A00D01EE41C6881F1F1F1E2BDD15A1B72E2FAC4273E59D8F9C8C848D2070A00D01EE41C68819D3B77B6EA366B95B56FFFBD859D0F0C0C247DA00000ED41CE8116181A1A2A44913BEFBABBE539E7C9A3478BCF0C4DFA400100DA839C032D50BCA3F4C1870FB53CE7C455FCE39FA40F1400A03D689BA0058A777F7EF2E8D1B5C839C5FD277DA00000ED41DB042DD0D7D757C821DF3972642D724E7777B79C0300D0386D13B440F1E139FBF6DFDBF29073E2F9931EA10300D01439075A209D4E17A2C83FDC7A6BCB73CE778E1C29ECBCBFBF3FE9030500680F720EB4C0E8E868218AECD8F1B196E79C5B76EF2EEC7C787838E9030500680F720EB4402693297EB5ECD4E933ADCD39DBB66D2BEC7C7C7C3CE9030500680F720EB4466F6F6F218DECDD7B470B434EF1E139B16C369BF4510200B40739075A636464A49046B66CD9D2C24B3ABFF5E10F17769B4AA5923E440080B621E7406B64B3D9E2536E6ED9BDBB2521E7C0FD0F142FE6CCCECE267D8800006D43CE8196191B1B2B6492EEEEEED5DF60FAC9A3478BC169E7CE9D491F1C00403B9173A0950606060AC9248E2871505971C83975FACC962D5B8ABB9A9F9F4FFAC80000DA899C03AD343737D7D3D353CC27071F3EB4829073ECE9E3C590D3DDDD3D3D3D9DF4610100B41939075A2C8E25C53FAA89534AB34F0E3D70FF03C5AFABC5C6C6C6923E200080F623E740EB4D4E4E16AFEA14EEC076E75D77377219E7A337DCD05542C8010058193907D6442693E9EBEB2B0D2D71DAB9E9A6CF7FE7C891CA78F30FB7DEBA7DFBF6D2C1714CF27535008015937360AD64B3D99B6FBEB9BBBBBBAB9AAD5BB7D67A697878D88D0700005643CE81B5152796743A5D35CF541A1C1C9C9999497ACA00006D4FCE81F590CBE5262626E2C0D3DFDF5F966D7A7B7B53A9D49E3D7B5CC30100681539070000088D9C0300008446CE0100004223E7000000A19173000080D0C83900004068E41C00002034720E0000101A39070000088D9C0300008446CE0100004223E7000000A19173000080D0C83900004068E41C00002034720E0000101A39070000088D9C0300008446CE0100004223E7000000A19173000080D0C83900004068E41C00002034720E0000101A39070000088D9C0300008446CE0100004223E7000000A19173000080D0C83900004068E41C00002034720E0000101A39070000088D9C0300008446CE0100004223E7000000A19173000080D0C83900004068E41C00002034720E0000101A39070000088D9C0300008446CE0100004223E7000000A19173000080D0C83900004068E41C00002034720E0000101A39070000088D9C0300008446CE0100004223E7000000A19173000080D0C83900004068E41C00002034720E0000101A39070000088D9C0300008446CE0100004223E7000000A19173000080D0C83900004068E41C00002034720E0000101A39070000088D9C0300008446CE0100004223E7000000A19173000080D0C83900004068E41C00002034720E0000101A39070000088D9C0300008446CE0100004223E7000000A19173000080D0C83900004068E41C00002034720E0000101A39070000088D9C0300008446CE0100004223E7000000A19173000080D0C83900004068E41C00002034720E0000101A39070000088D9C0300008446CE0100004223E7000000A19173000080D0C83900004068E41C00002034720E0000101A39070000088D9C0300008446CE0100004223E7000000A19173000080D0C83900004068E41C00002034720E0000101A39070000088D9C0300008446CE0100004223E7000000A19173000080D0C83900004068E41C00002034720E0000101A39070000088D9C0300008446CE0100004223E7000000A19173000080D0C83900004068E41C00002034720E0000101A39070000088D9C0300008446CE0100004223E7000000A19173000080D0C83900004068E41C00002034720E0000101A39070000088D9C0300008446CE0100004223E7000000A19173000080D0C83900004068E41C00002034720E0000101A39070000088D9C0300008446CE0100004223E7000000A19173000080D0C83900004068E41C00002034720E0000101A39070000088D9C0300008446CE0100004223E7000000A19173000080D0C83900004068E41C00002034720E0000101A39070000088D9C0300008446CE01000042F3FF03F6EAE25E30EAA2090000000049454E44AE426082, '0');

-- ----------------------------
-- Table structure for act_ge_property
-- ----------------------------
DROP TABLE IF EXISTS `act_ge_property`;
CREATE TABLE `act_ge_property` (
  `NAME_` varchar(64) COLLATE utf8_bin NOT NULL DEFAULT '',
  `VALUE_` varchar(300) COLLATE utf8_bin DEFAULT NULL,
  `REV_` int(11) DEFAULT NULL,
  PRIMARY KEY (`NAME_`)
) ENGINE=InnoDB DEFAULT CHARSET=utf8 COLLATE=utf8_bin;

-- ----------------------------
-- Records of act_ge_property
-- ----------------------------
INSERT INTO `act_ge_property` VALUES ('next.dbid', '50001', '21');
INSERT INTO `act_ge_property` VALUES ('schema.history', 'create(5.22.0.0)', '1');
INSERT INTO `act_ge_property` VALUES ('schema.version', '5.22.0.0', '1');

-- ----------------------------
-- Table structure for act_hi_actinst
-- ----------------------------
DROP TABLE IF EXISTS `act_hi_actinst`;
CREATE TABLE `act_hi_actinst` (
  `ID_` varchar(64) COLLATE utf8_bin NOT NULL,
  `PROC_DEF_ID_` varchar(64) COLLATE utf8_bin NOT NULL,
  `PROC_INST_ID_` varchar(64) COLLATE utf8_bin NOT NULL,
  `EXECUTION_ID_` varchar(64) COLLATE utf8_bin NOT NULL,
  `ACT_ID_` varchar(255) COLLATE utf8_bin NOT NULL,
  `TASK_ID_` varchar(64) COLLATE utf8_bin DEFAULT NULL,
  `CALL_PROC_INST_ID_` varchar(64) COLLATE utf8_bin DEFAULT NULL,
  `ACT_NAME_` varchar(255) COLLATE utf8_bin DEFAULT NULL,
  `ACT_TYPE_` varchar(255) COLLATE utf8_bin NOT NULL,
  `ASSIGNEE_` varchar(255) COLLATE utf8_bin DEFAULT NULL,
  `START_TIME_` datetime(3) NOT NULL,
  `END_TIME_` datetime(3) DEFAULT NULL,
  `DURATION_` bigint(20) DEFAULT NULL,
  `TENANT_ID_` varchar(255) COLLATE utf8_bin DEFAULT '',
  PRIMARY KEY (`ID_`),
  KEY `ACT_IDX_HI_ACT_INST_START` (`START_TIME_`),
  KEY `ACT_IDX_HI_ACT_INST_END` (`END_TIME_`),
  KEY `ACT_IDX_HI_ACT_INST_PROCINST` (`PROC_INST_ID_`,`ACT_ID_`),
  KEY `ACT_IDX_HI_ACT_INST_EXEC` (`EXECUTION_ID_`,`ACT_ID_`)
) ENGINE=InnoDB DEFAULT CHARSET=utf8 COLLATE=utf8_bin;

-- ----------------------------
-- Records of act_hi_actinst
-- ----------------------------
INSERT INTO `act_hi_actinst` VALUES ('40002', 'AskForLeave:1:37514', '40001', '40001', 'startevent1', null, null, 'Start', 'startEvent', null, '2018-04-20 13:26:48.598', '2018-04-20 13:26:48.611', '13', '');
INSERT INTO `act_hi_actinst` VALUES ('40004', 'AskForLeave:1:37514', '40001', '40001', 'usertask1', '40005', null, '', 'userTask', 'test1', '2018-04-20 13:26:48.611', '2018-04-20 13:29:55.852', '187241', '');
INSERT INTO `act_hi_actinst` VALUES ('42501', 'AskForLeave:1:37514', '40001', '40001', 'usertask2', '42502', null, '', 'userTask', 'test2', '2018-04-20 13:29:55.974', '2018-04-20 13:30:48.066', '52092', '');
INSERT INTO `act_hi_actinst` VALUES ('42505', 'AskForLeave:1:37514', '40001', '40001', 'exclusivegateway1', null, null, 'Exclusive Gateway', 'exclusiveGateway', null, '2018-04-20 13:30:48.066', '2018-04-20 13:30:48.099', '33', '');
INSERT INTO `act_hi_actinst` VALUES ('42506', 'AskForLeave:1:37514', '40001', '40001', 'endevent1', null, null, 'End', 'endEvent', null, '2018-04-20 13:30:48.099', '2018-04-20 13:30:48.099', '0', '');
INSERT INTO `act_hi_actinst` VALUES ('42508', 'AskForLeave:1:37514', '42507', '42507', 'startevent1', null, null, 'Start', 'startEvent', null, '2018-04-20 13:31:20.579', '2018-04-20 13:31:20.584', '5', '');
INSERT INTO `act_hi_actinst` VALUES ('42510', 'AskForLeave:1:37514', '42507', '42507', 'usertask1', '42511', null, '', 'userTask', 'test1', '2018-04-20 13:31:20.584', '2018-04-20 13:32:09.401', '48817', '');
INSERT INTO `act_hi_actinst` VALUES ('42513', 'AskForLeave:1:37514', '42507', '42507', 'usertask2', '42514', null, '', 'userTask', 'test2', '2018-04-20 13:32:09.401', '2018-04-20 13:33:14.096', '64695', '');
INSERT INTO `act_hi_actinst` VALUES ('45002', 'AskForLeave:1:37514', '42507', '42507', 'exclusivegateway1', null, null, 'Exclusive Gateway', 'exclusiveGateway', null, '2018-04-20 13:33:14.097', '2018-04-20 13:33:14.144', '47', '');
INSERT INTO `act_hi_actinst` VALUES ('45003', 'AskForLeave:1:37514', '42507', '42507', 'usertask3', '45004', null, '', 'userTask', 'guo', '2018-04-20 13:33:14.144', '2018-04-20 13:35:37.119', '142975', '');
INSERT INTO `act_hi_actinst` VALUES ('47501', 'AskForLeave:1:37514', '42507', '42507', 'endevent1', null, null, 'End', 'endEvent', null, '2018-04-20 13:35:37.277', '2018-04-20 13:35:37.278', '1', '');

-- ----------------------------
-- Table structure for act_hi_attachment
-- ----------------------------
DROP TABLE IF EXISTS `act_hi_attachment`;
CREATE TABLE `act_hi_attachment` (
  `ID_` varchar(64) COLLATE utf8_bin NOT NULL,
  `REV_` int(11) DEFAULT NULL,
  `USER_ID_` varchar(255) COLLATE utf8_bin DEFAULT NULL,
  `NAME_` varchar(255) COLLATE utf8_bin DEFAULT NULL,
  `DESCRIPTION_` varchar(4000) COLLATE utf8_bin DEFAULT NULL,
  `TYPE_` varchar(255) COLLATE utf8_bin DEFAULT NULL,
  `TASK_ID_` varchar(64) COLLATE utf8_bin DEFAULT NULL,
  `PROC_INST_ID_` varchar(64) COLLATE utf8_bin DEFAULT NULL,
  `URL_` varchar(4000) COLLATE utf8_bin DEFAULT NULL,
  `CONTENT_ID_` varchar(64) COLLATE utf8_bin DEFAULT NULL,
  `TIME_` datetime(3) DEFAULT NULL,
  PRIMARY KEY (`ID_`)
) ENGINE=InnoDB DEFAULT CHARSET=utf8 COLLATE=utf8_bin;

-- ----------------------------
-- Records of act_hi_attachment
-- ----------------------------

-- ----------------------------
-- Table structure for act_hi_comment
-- ----------------------------
DROP TABLE IF EXISTS `act_hi_comment`;
CREATE TABLE `act_hi_comment` (
  `ID_` varchar(64) COLLATE utf8_bin NOT NULL,
  `TYPE_` varchar(255) COLLATE utf8_bin DEFAULT NULL,
  `TIME_` datetime(3) NOT NULL,
  `USER_ID_` varchar(255) COLLATE utf8_bin DEFAULT NULL,
  `TASK_ID_` varchar(64) COLLATE utf8_bin DEFAULT NULL,
  `PROC_INST_ID_` varchar(64) COLLATE utf8_bin DEFAULT NULL,
  `ACTION_` varchar(255) COLLATE utf8_bin DEFAULT NULL,
  `MESSAGE_` varchar(4000) COLLATE utf8_bin DEFAULT NULL,
  `FULL_MSG_` longblob,
  PRIMARY KEY (`ID_`)
) ENGINE=InnoDB DEFAULT CHARSET=utf8 COLLATE=utf8_bin;

-- ----------------------------
-- Records of act_hi_comment
-- ----------------------------

-- ----------------------------
-- Table structure for act_hi_detail
-- ----------------------------
DROP TABLE IF EXISTS `act_hi_detail`;
CREATE TABLE `act_hi_detail` (
  `ID_` varchar(64) COLLATE utf8_bin NOT NULL,
  `TYPE_` varchar(255) COLLATE utf8_bin NOT NULL,
  `PROC_INST_ID_` varchar(64) COLLATE utf8_bin DEFAULT NULL,
  `EXECUTION_ID_` varchar(64) COLLATE utf8_bin DEFAULT NULL,
  `TASK_ID_` varchar(64) COLLATE utf8_bin DEFAULT NULL,
  `ACT_INST_ID_` varchar(64) COLLATE utf8_bin DEFAULT NULL,
  `NAME_` varchar(255) COLLATE utf8_bin NOT NULL,
  `VAR_TYPE_` varchar(255) COLLATE utf8_bin DEFAULT NULL,
  `REV_` int(11) DEFAULT NULL,
  `TIME_` datetime(3) NOT NULL,
  `BYTEARRAY_ID_` varchar(64) COLLATE utf8_bin DEFAULT NULL,
  `DOUBLE_` double DEFAULT NULL,
  `LONG_` bigint(20) DEFAULT NULL,
  `TEXT_` varchar(4000) COLLATE utf8_bin DEFAULT NULL,
  `TEXT2_` varchar(4000) COLLATE utf8_bin DEFAULT NULL,
  PRIMARY KEY (`ID_`),
  KEY `ACT_IDX_HI_DETAIL_PROC_INST` (`PROC_INST_ID_`),
  KEY `ACT_IDX_HI_DETAIL_ACT_INST` (`ACT_INST_ID_`),
  KEY `ACT_IDX_HI_DETAIL_TIME` (`TIME_`),
  KEY `ACT_IDX_HI_DETAIL_NAME` (`NAME_`),
  KEY `ACT_IDX_HI_DETAIL_TASK_ID` (`TASK_ID_`)
) ENGINE=InnoDB DEFAULT CHARSET=utf8 COLLATE=utf8_bin;

-- ----------------------------
-- Records of act_hi_detail
-- ----------------------------

-- ----------------------------
-- Table structure for act_hi_identitylink
-- ----------------------------
DROP TABLE IF EXISTS `act_hi_identitylink`;
CREATE TABLE `act_hi_identitylink` (
  `ID_` varchar(64) COLLATE utf8_bin NOT NULL DEFAULT '',
  `GROUP_ID_` varchar(255) COLLATE utf8_bin DEFAULT NULL,
  `TYPE_` varchar(255) COLLATE utf8_bin DEFAULT NULL,
  `USER_ID_` varchar(255) COLLATE utf8_bin DEFAULT NULL,
  `TASK_ID_` varchar(64) COLLATE utf8_bin DEFAULT NULL,
  `PROC_INST_ID_` varchar(64) COLLATE utf8_bin DEFAULT NULL,
  PRIMARY KEY (`ID_`),
  KEY `ACT_IDX_HI_IDENT_LNK_USER` (`USER_ID_`),
  KEY `ACT_IDX_HI_IDENT_LNK_TASK` (`TASK_ID_`),
  KEY `ACT_IDX_HI_IDENT_LNK_PROCINST` (`PROC_INST_ID_`)
) ENGINE=InnoDB DEFAULT CHARSET=utf8 COLLATE=utf8_bin;

-- ----------------------------
-- Records of act_hi_identitylink
-- ----------------------------
INSERT INTO `act_hi_identitylink` VALUES ('40006', null, 'participant', 'test1', null, '40001');
INSERT INTO `act_hi_identitylink` VALUES ('42503', null, 'participant', 'test2', null, '40001');
INSERT INTO `act_hi_identitylink` VALUES ('42512', null, 'participant', 'test1', null, '42507');
INSERT INTO `act_hi_identitylink` VALUES ('42517', null, 'participant', 'test2', null, '42507');
INSERT INTO `act_hi_identitylink` VALUES ('45005', null, 'participant', 'guo', null, '42507');

-- ----------------------------
-- Table structure for act_hi_procinst
-- ----------------------------
DROP TABLE IF EXISTS `act_hi_procinst`;
CREATE TABLE `act_hi_procinst` (
  `ID_` varchar(64) COLLATE utf8_bin NOT NULL,
  `PROC_INST_ID_` varchar(64) COLLATE utf8_bin NOT NULL,
  `BUSINESS_KEY_` varchar(255) COLLATE utf8_bin DEFAULT NULL,
  `PROC_DEF_ID_` varchar(64) COLLATE utf8_bin NOT NULL,
  `START_TIME_` datetime(3) NOT NULL,
  `END_TIME_` datetime(3) DEFAULT NULL,
  `DURATION_` bigint(20) DEFAULT NULL,
  `START_USER_ID_` varchar(255) COLLATE utf8_bin DEFAULT NULL,
  `START_ACT_ID_` varchar(255) COLLATE utf8_bin DEFAULT NULL,
  `END_ACT_ID_` varchar(255) COLLATE utf8_bin DEFAULT NULL,
  `SUPER_PROCESS_INSTANCE_ID_` varchar(64) COLLATE utf8_bin DEFAULT NULL,
  `DELETE_REASON_` varchar(4000) COLLATE utf8_bin DEFAULT NULL,
  `TENANT_ID_` varchar(255) COLLATE utf8_bin DEFAULT '',
  `NAME_` varchar(255) COLLATE utf8_bin DEFAULT NULL,
  PRIMARY KEY (`ID_`),
  UNIQUE KEY `PROC_INST_ID_` (`PROC_INST_ID_`),
  KEY `ACT_IDX_HI_PRO_INST_END` (`END_TIME_`),
  KEY `ACT_IDX_HI_PRO_I_BUSKEY` (`BUSINESS_KEY_`)
) ENGINE=InnoDB DEFAULT CHARSET=utf8 COLLATE=utf8_bin;

-- ----------------------------
-- Records of act_hi_procinst
-- ----------------------------
INSERT INTO `act_hi_procinst` VALUES ('40001', '40001', '6', 'AskForLeave:1:37514', '2018-04-20 13:26:48.598', '2018-04-20 13:30:48.109', '239511', null, 'startevent1', 'endevent1', null, null, '', null);
INSERT INTO `act_hi_procinst` VALUES ('42507', '42507', '7', 'AskForLeave:1:37514', '2018-04-20 13:31:20.579', '2018-04-20 13:35:37.287', '256708', null, 'startevent1', 'endevent1', null, null, '', null);

-- ----------------------------
-- Table structure for act_hi_taskinst
-- ----------------------------
DROP TABLE IF EXISTS `act_hi_taskinst`;
CREATE TABLE `act_hi_taskinst` (
  `ID_` varchar(64) COLLATE utf8_bin NOT NULL,
  `PROC_DEF_ID_` varchar(64) COLLATE utf8_bin DEFAULT NULL,
  `TASK_DEF_KEY_` varchar(255) COLLATE utf8_bin DEFAULT NULL,
  `PROC_INST_ID_` varchar(64) COLLATE utf8_bin DEFAULT NULL,
  `EXECUTION_ID_` varchar(64) COLLATE utf8_bin DEFAULT NULL,
  `NAME_` varchar(255) COLLATE utf8_bin DEFAULT NULL,
  `PARENT_TASK_ID_` varchar(64) COLLATE utf8_bin DEFAULT NULL,
  `DESCRIPTION_` varchar(4000) COLLATE utf8_bin DEFAULT NULL,
  `OWNER_` varchar(255) COLLATE utf8_bin DEFAULT NULL,
  `ASSIGNEE_` varchar(255) COLLATE utf8_bin DEFAULT NULL,
  `START_TIME_` datetime(3) NOT NULL,
  `CLAIM_TIME_` datetime(3) DEFAULT NULL,
  `END_TIME_` datetime(3) DEFAULT NULL,
  `DURATION_` bigint(20) DEFAULT NULL,
  `DELETE_REASON_` varchar(4000) COLLATE utf8_bin DEFAULT NULL,
  `PRIORITY_` int(11) DEFAULT NULL,
  `DUE_DATE_` datetime(3) DEFAULT NULL,
  `FORM_KEY_` varchar(255) COLLATE utf8_bin DEFAULT NULL,
  `CATEGORY_` varchar(255) COLLATE utf8_bin DEFAULT NULL,
  `TENANT_ID_` varchar(255) COLLATE utf8_bin DEFAULT '',
  PRIMARY KEY (`ID_`),
  KEY `ACT_IDX_HI_TASK_INST_PROCINST` (`PROC_INST_ID_`)
) ENGINE=InnoDB DEFAULT CHARSET=utf8 COLLATE=utf8_bin;

-- ----------------------------
-- Records of act_hi_taskinst
-- ----------------------------
INSERT INTO `act_hi_taskinst` VALUES ('40005', 'AskForLeave:1:37514', 'usertask1', '40001', '40001', '', null, null, null, 'test1', '2018-04-20 13:26:48.614', null, '2018-04-20 13:29:55.828', '187214', 'completed', '50', null, null, null, '');
INSERT INTO `act_hi_taskinst` VALUES ('42502', 'AskForLeave:1:37514', 'usertask2', '40001', '40001', '', null, null, null, 'test2', '2018-04-20 13:29:55.974', null, '2018-04-20 13:30:48.043', '52069', 'completed', '50', null, null, null, '');
INSERT INTO `act_hi_taskinst` VALUES ('42511', 'AskForLeave:1:37514', 'usertask1', '42507', '42507', '', null, null, null, 'test1', '2018-04-20 13:31:20.586', null, '2018-04-20 13:32:09.395', '48809', 'completed', '50', null, null, null, '');
INSERT INTO `act_hi_taskinst` VALUES ('42514', 'AskForLeave:1:37514', 'usertask2', '42507', '42507', '', null, null, null, 'test2', '2018-04-20 13:32:09.401', null, '2018-04-20 13:33:14.028', '64627', 'completed', '50', null, null, null, '');
INSERT INTO `act_hi_taskinst` VALUES ('45004', 'AskForLeave:1:37514', 'usertask3', '42507', '42507', '', null, null, null, 'guo', '2018-04-20 13:33:14.144', null, '2018-04-20 13:35:37.043', '142899', 'completed', '50', null, null, null, '');

-- ----------------------------
-- Table structure for act_hi_varinst
-- ----------------------------
DROP TABLE IF EXISTS `act_hi_varinst`;
CREATE TABLE `act_hi_varinst` (
  `ID_` varchar(64) COLLATE utf8_bin NOT NULL,
  `PROC_INST_ID_` varchar(64) COLLATE utf8_bin DEFAULT NULL,
  `EXECUTION_ID_` varchar(64) COLLATE utf8_bin DEFAULT NULL,
  `TASK_ID_` varchar(64) COLLATE utf8_bin DEFAULT NULL,
  `NAME_` varchar(255) COLLATE utf8_bin NOT NULL,
  `VAR_TYPE_` varchar(100) COLLATE utf8_bin DEFAULT NULL,
  `REV_` int(11) DEFAULT NULL,
  `BYTEARRAY_ID_` varchar(64) COLLATE utf8_bin DEFAULT NULL,
  `DOUBLE_` double DEFAULT NULL,
  `LONG_` bigint(20) DEFAULT NULL,
  `TEXT_` varchar(4000) COLLATE utf8_bin DEFAULT NULL,
  `TEXT2_` varchar(4000) COLLATE utf8_bin DEFAULT NULL,
  `CREATE_TIME_` datetime(3) DEFAULT NULL,
  `LAST_UPDATED_TIME_` datetime(3) DEFAULT NULL,
  PRIMARY KEY (`ID_`),
  KEY `ACT_IDX_HI_PROCVAR_PROC_INST` (`PROC_INST_ID_`),
  KEY `ACT_IDX_HI_PROCVAR_NAME_TYPE` (`NAME_`,`VAR_TYPE_`),
  KEY `ACT_IDX_HI_PROCVAR_TASK_ID` (`TASK_ID_`)
) ENGINE=InnoDB DEFAULT CHARSET=utf8 COLLATE=utf8_bin;

-- ----------------------------
-- Records of act_hi_varinst
-- ----------------------------
INSERT INTO `act_hi_varinst` VALUES ('40003', '40001', '40001', null, 'empId', 'string', '1', null, null, null, 'ttxxx222', null, '2018-04-20 13:26:48.598', '2018-04-20 13:30:48.118');
INSERT INTO `act_hi_varinst` VALUES ('42504', '40001', '40001', null, 'days', 'double', '0', null, '1', null, null, null, '2018-04-20 13:30:48.019', '2018-04-20 13:30:48.118');
INSERT INTO `act_hi_varinst` VALUES ('42509', '42507', '42507', null, 'empId', 'string', '1', null, null, null, 'ttxxx222', null, '2018-04-20 13:31:20.580', '2018-04-20 13:35:37.317');
INSERT INTO `act_hi_varinst` VALUES ('45001', '42507', '42507', null, 'days', 'double', '1', null, '3', null, null, null, '2018-04-20 13:33:13.996', '2018-04-20 13:35:37.317');

-- ----------------------------
-- Table structure for act_id_group
-- ----------------------------
DROP TABLE IF EXISTS `act_id_group`;
CREATE TABLE `act_id_group` (
  `ID_` varchar(64) COLLATE utf8_bin NOT NULL DEFAULT '',
  `REV_` int(11) DEFAULT NULL,
  `NAME_` varchar(255) COLLATE utf8_bin DEFAULT NULL,
  `TYPE_` varchar(255) COLLATE utf8_bin DEFAULT NULL,
  PRIMARY KEY (`ID_`)
) ENGINE=InnoDB DEFAULT CHARSET=utf8 COLLATE=utf8_bin;

-- ----------------------------
-- Records of act_id_group
-- ----------------------------

-- ----------------------------
-- Table structure for act_id_info
-- ----------------------------
DROP TABLE IF EXISTS `act_id_info`;
CREATE TABLE `act_id_info` (
  `ID_` varchar(64) COLLATE utf8_bin NOT NULL DEFAULT '',
  `REV_` int(11) DEFAULT NULL,
  `USER_ID_` varchar(64) COLLATE utf8_bin DEFAULT NULL,
  `TYPE_` varchar(64) COLLATE utf8_bin DEFAULT NULL,
  `KEY_` varchar(255) COLLATE utf8_bin DEFAULT NULL,
  `VALUE_` varchar(255) COLLATE utf8_bin DEFAULT NULL,
  `PASSWORD_` longblob,
  `PARENT_ID_` varchar(255) COLLATE utf8_bin DEFAULT NULL,
  PRIMARY KEY (`ID_`)
) ENGINE=InnoDB DEFAULT CHARSET=utf8 COLLATE=utf8_bin;

-- ----------------------------
-- Records of act_id_info
-- ----------------------------

-- ----------------------------
-- Table structure for act_id_membership
-- ----------------------------
DROP TABLE IF EXISTS `act_id_membership`;
CREATE TABLE `act_id_membership` (
  `USER_ID_` varchar(64) COLLATE utf8_bin NOT NULL DEFAULT '',
  `GROUP_ID_` varchar(64) COLLATE utf8_bin NOT NULL DEFAULT '',
  PRIMARY KEY (`USER_ID_`,`GROUP_ID_`),
  KEY `ACT_FK_MEMB_GROUP` (`GROUP_ID_`),
  CONSTRAINT `ACT_FK_MEMB_GROUP` FOREIGN KEY (`GROUP_ID_`) REFERENCES `act_id_group` (`ID_`),
  CONSTRAINT `ACT_FK_MEMB_USER` FOREIGN KEY (`USER_ID_`) REFERENCES `act_id_user` (`ID_`)
) ENGINE=InnoDB DEFAULT CHARSET=utf8 COLLATE=utf8_bin;

-- ----------------------------
-- Records of act_id_membership
-- ----------------------------

-- ----------------------------
-- Table structure for act_id_user
-- ----------------------------
DROP TABLE IF EXISTS `act_id_user`;
CREATE TABLE `act_id_user` (
  `ID_` varchar(64) COLLATE utf8_bin NOT NULL DEFAULT '',
  `REV_` int(11) DEFAULT NULL,
  `FIRST_` varchar(255) COLLATE utf8_bin DEFAULT NULL,
  `LAST_` varchar(255) COLLATE utf8_bin DEFAULT NULL,
  `EMAIL_` varchar(255) COLLATE utf8_bin DEFAULT NULL,
  `PWD_` varchar(255) COLLATE utf8_bin DEFAULT NULL,
  `PICTURE_ID_` varchar(64) COLLATE utf8_bin DEFAULT NULL,
  PRIMARY KEY (`ID_`)
) ENGINE=InnoDB DEFAULT CHARSET=utf8 COLLATE=utf8_bin;

-- ----------------------------
-- Records of act_id_user
-- ----------------------------

-- ----------------------------
-- Table structure for act_procdef_info
-- ----------------------------
DROP TABLE IF EXISTS `act_procdef_info`;
CREATE TABLE `act_procdef_info` (
  `ID_` varchar(64) COLLATE utf8_bin NOT NULL,
  `PROC_DEF_ID_` varchar(64) COLLATE utf8_bin NOT NULL,
  `REV_` int(11) DEFAULT NULL,
  `INFO_JSON_ID_` varchar(64) COLLATE utf8_bin DEFAULT NULL,
  PRIMARY KEY (`ID_`),
  UNIQUE KEY `ACT_UNIQ_INFO_PROCDEF` (`PROC_DEF_ID_`),
  KEY `ACT_IDX_INFO_PROCDEF` (`PROC_DEF_ID_`),
  KEY `ACT_FK_INFO_JSON_BA` (`INFO_JSON_ID_`),
  CONSTRAINT `ACT_FK_INFO_JSON_BA` FOREIGN KEY (`INFO_JSON_ID_`) REFERENCES `act_ge_bytearray` (`ID_`),
  CONSTRAINT `ACT_FK_INFO_PROCDEF` FOREIGN KEY (`PROC_DEF_ID_`) REFERENCES `act_re_procdef` (`ID_`)
) ENGINE=InnoDB DEFAULT CHARSET=utf8 COLLATE=utf8_bin;

-- ----------------------------
-- Records of act_procdef_info
-- ----------------------------

-- ----------------------------
-- Table structure for act_re_deployment
-- ----------------------------
DROP TABLE IF EXISTS `act_re_deployment`;
CREATE TABLE `act_re_deployment` (
  `ID_` varchar(64) COLLATE utf8_bin NOT NULL DEFAULT '',
  `NAME_` varchar(255) COLLATE utf8_bin DEFAULT NULL,
  `CATEGORY_` varchar(255) COLLATE utf8_bin DEFAULT NULL,
  `TENANT_ID_` varchar(255) COLLATE utf8_bin DEFAULT '',
  `DEPLOY_TIME_` timestamp(3) NULL DEFAULT NULL,
  PRIMARY KEY (`ID_`)
) ENGINE=InnoDB DEFAULT CHARSET=utf8 COLLATE=utf8_bin;

-- ----------------------------
-- Records of act_re_deployment
-- ----------------------------
INSERT INTO `act_re_deployment` VALUES ('37504', '', null, '', '2018-04-20 12:11:51.433');
INSERT INTO `act_re_deployment` VALUES ('37511', '', null, '', '2018-04-20 12:13:37.887');

-- ----------------------------
-- Table structure for act_re_model
-- ----------------------------
DROP TABLE IF EXISTS `act_re_model`;
CREATE TABLE `act_re_model` (
  `ID_` varchar(64) COLLATE utf8_bin NOT NULL,
  `REV_` int(11) DEFAULT NULL,
  `NAME_` varchar(255) COLLATE utf8_bin DEFAULT NULL,
  `KEY_` varchar(255) COLLATE utf8_bin DEFAULT NULL,
  `CATEGORY_` varchar(255) COLLATE utf8_bin DEFAULT NULL,
  `CREATE_TIME_` timestamp(3) NULL DEFAULT NULL,
  `LAST_UPDATE_TIME_` timestamp(3) NULL DEFAULT NULL,
  `VERSION_` int(11) DEFAULT NULL,
  `META_INFO_` varchar(4000) COLLATE utf8_bin DEFAULT NULL,
  `DEPLOYMENT_ID_` varchar(64) COLLATE utf8_bin DEFAULT NULL,
  `EDITOR_SOURCE_VALUE_ID_` varchar(64) COLLATE utf8_bin DEFAULT NULL,
  `EDITOR_SOURCE_EXTRA_VALUE_ID_` varchar(64) COLLATE utf8_bin DEFAULT NULL,
  `TENANT_ID_` varchar(255) COLLATE utf8_bin DEFAULT '',
  PRIMARY KEY (`ID_`),
  KEY `ACT_FK_MODEL_SOURCE` (`EDITOR_SOURCE_VALUE_ID_`),
  KEY `ACT_FK_MODEL_SOURCE_EXTRA` (`EDITOR_SOURCE_EXTRA_VALUE_ID_`),
  KEY `ACT_FK_MODEL_DEPLOYMENT` (`DEPLOYMENT_ID_`),
  CONSTRAINT `ACT_FK_MODEL_DEPLOYMENT` FOREIGN KEY (`DEPLOYMENT_ID_`) REFERENCES `act_re_deployment` (`ID_`),
  CONSTRAINT `ACT_FK_MODEL_SOURCE` FOREIGN KEY (`EDITOR_SOURCE_VALUE_ID_`) REFERENCES `act_ge_bytearray` (`ID_`),
  CONSTRAINT `ACT_FK_MODEL_SOURCE_EXTRA` FOREIGN KEY (`EDITOR_SOURCE_EXTRA_VALUE_ID_`) REFERENCES `act_ge_bytearray` (`ID_`)
) ENGINE=InnoDB DEFAULT CHARSET=utf8 COLLATE=utf8_bin;

-- ----------------------------
-- Records of act_re_model
-- ----------------------------

-- ----------------------------
-- Table structure for act_re_procdef
-- ----------------------------
DROP TABLE IF EXISTS `act_re_procdef`;
CREATE TABLE `act_re_procdef` (
  `ID_` varchar(64) COLLATE utf8_bin NOT NULL,
  `REV_` int(11) DEFAULT NULL,
  `CATEGORY_` varchar(255) COLLATE utf8_bin DEFAULT NULL,
  `NAME_` varchar(255) COLLATE utf8_bin DEFAULT NULL,
  `KEY_` varchar(255) COLLATE utf8_bin NOT NULL,
  `VERSION_` int(11) NOT NULL,
  `DEPLOYMENT_ID_` varchar(64) COLLATE utf8_bin DEFAULT NULL,
  `RESOURCE_NAME_` varchar(4000) COLLATE utf8_bin DEFAULT NULL,
  `DGRM_RESOURCE_NAME_` varchar(4000) COLLATE utf8_bin DEFAULT NULL,
  `DESCRIPTION_` varchar(4000) COLLATE utf8_bin DEFAULT NULL,
  `HAS_START_FORM_KEY_` tinyint(4) DEFAULT NULL,
  `HAS_GRAPHICAL_NOTATION_` tinyint(4) DEFAULT NULL,
  `SUSPENSION_STATE_` int(11) DEFAULT NULL,
  `TENANT_ID_` varchar(255) COLLATE utf8_bin DEFAULT '',
  PRIMARY KEY (`ID_`),
  UNIQUE KEY `ACT_UNIQ_PROCDEF` (`KEY_`,`VERSION_`,`TENANT_ID_`)
) ENGINE=InnoDB DEFAULT CHARSET=utf8 COLLATE=utf8_bin;

-- ----------------------------
-- Records of act_re_procdef
-- ----------------------------
INSERT INTO `act_re_procdef` VALUES ('AskForLeave:1:37514', '1', 'http://www.activiti.org/test', 'AskForLeave', 'AskForLeave', '1', '37511', 'AskForLeave.bpmn', 'AskForLeave.png', null, '0', '1', '1', '');
INSERT INTO `act_re_procdef` VALUES ('LeaveBill:1:37507', '1', 'http://www.activiti.org/test', 'LeaveBill', 'LeaveBill', '1', '37504', 'LeaveBill1.bpmn', 'LeaveBill1.png', null, '0', '1', '1', '');

-- ----------------------------
-- Table structure for act_ru_event_subscr
-- ----------------------------
DROP TABLE IF EXISTS `act_ru_event_subscr`;
CREATE TABLE `act_ru_event_subscr` (
  `ID_` varchar(64) COLLATE utf8_bin NOT NULL,
  `REV_` int(11) DEFAULT NULL,
  `EVENT_TYPE_` varchar(255) COLLATE utf8_bin NOT NULL,
  `EVENT_NAME_` varchar(255) COLLATE utf8_bin DEFAULT NULL,
  `EXECUTION_ID_` varchar(64) COLLATE utf8_bin DEFAULT NULL,
  `PROC_INST_ID_` varchar(64) COLLATE utf8_bin DEFAULT NULL,
  `ACTIVITY_ID_` varchar(64) COLLATE utf8_bin DEFAULT NULL,
  `CONFIGURATION_` varchar(255) COLLATE utf8_bin DEFAULT NULL,
  `CREATED_` timestamp(3) NOT NULL DEFAULT CURRENT_TIMESTAMP(3),
  `PROC_DEF_ID_` varchar(64) COLLATE utf8_bin DEFAULT NULL,
  `TENANT_ID_` varchar(255) COLLATE utf8_bin DEFAULT '',
  PRIMARY KEY (`ID_`),
  KEY `ACT_IDX_EVENT_SUBSCR_CONFIG_` (`CONFIGURATION_`),
  KEY `ACT_FK_EVENT_EXEC` (`EXECUTION_ID_`),
  CONSTRAINT `ACT_FK_EVENT_EXEC` FOREIGN KEY (`EXECUTION_ID_`) REFERENCES `act_ru_execution` (`ID_`)
) ENGINE=InnoDB DEFAULT CHARSET=utf8 COLLATE=utf8_bin;

-- ----------------------------
-- Records of act_ru_event_subscr
-- ----------------------------

-- ----------------------------
-- Table structure for act_ru_execution
-- ----------------------------
DROP TABLE IF EXISTS `act_ru_execution`;
CREATE TABLE `act_ru_execution` (
  `ID_` varchar(64) COLLATE utf8_bin NOT NULL DEFAULT '',
  `REV_` int(11) DEFAULT NULL,
  `PROC_INST_ID_` varchar(64) COLLATE utf8_bin DEFAULT NULL,
  `BUSINESS_KEY_` varchar(255) COLLATE utf8_bin DEFAULT NULL,
  `PARENT_ID_` varchar(64) COLLATE utf8_bin DEFAULT NULL,
  `PROC_DEF_ID_` varchar(64) COLLATE utf8_bin DEFAULT NULL,
  `SUPER_EXEC_` varchar(64) COLLATE utf8_bin DEFAULT NULL,
  `ACT_ID_` varchar(255) COLLATE utf8_bin DEFAULT NULL,
  `IS_ACTIVE_` tinyint(4) DEFAULT NULL,
  `IS_CONCURRENT_` tinyint(4) DEFAULT NULL,
  `IS_SCOPE_` tinyint(4) DEFAULT NULL,
  `IS_EVENT_SCOPE_` tinyint(4) DEFAULT NULL,
  `SUSPENSION_STATE_` int(11) DEFAULT NULL,
  `CACHED_ENT_STATE_` int(11) DEFAULT NULL,
  `TENANT_ID_` varchar(255) COLLATE utf8_bin DEFAULT '',
  `NAME_` varchar(255) COLLATE utf8_bin DEFAULT NULL,
  `LOCK_TIME_` timestamp(3) NULL DEFAULT NULL,
  PRIMARY KEY (`ID_`),
  KEY `ACT_IDX_EXEC_BUSKEY` (`BUSINESS_KEY_`),
  KEY `ACT_FK_EXE_PROCINST` (`PROC_INST_ID_`),
  KEY `ACT_FK_EXE_PARENT` (`PARENT_ID_`),
  KEY `ACT_FK_EXE_SUPER` (`SUPER_EXEC_`),
  KEY `ACT_FK_EXE_PROCDEF` (`PROC_DEF_ID_`),
  CONSTRAINT `ACT_FK_EXE_PARENT` FOREIGN KEY (`PARENT_ID_`) REFERENCES `act_ru_execution` (`ID_`),
  CONSTRAINT `ACT_FK_EXE_PROCDEF` FOREIGN KEY (`PROC_DEF_ID_`) REFERENCES `act_re_procdef` (`ID_`),
  CONSTRAINT `ACT_FK_EXE_PROCINST` FOREIGN KEY (`PROC_INST_ID_`) REFERENCES `act_ru_execution` (`ID_`) ON DELETE CASCADE ON UPDATE CASCADE,
  CONSTRAINT `ACT_FK_EXE_SUPER` FOREIGN KEY (`SUPER_EXEC_`) REFERENCES `act_ru_execution` (`ID_`)
) ENGINE=InnoDB DEFAULT CHARSET=utf8 COLLATE=utf8_bin;

-- ----------------------------
-- Records of act_ru_execution
-- ----------------------------

-- ----------------------------
-- Table structure for act_ru_identitylink
-- ----------------------------
DROP TABLE IF EXISTS `act_ru_identitylink`;
CREATE TABLE `act_ru_identitylink` (
  `ID_` varchar(64) COLLATE utf8_bin NOT NULL DEFAULT '',
  `REV_` int(11) DEFAULT NULL,
  `GROUP_ID_` varchar(255) COLLATE utf8_bin DEFAULT NULL,
  `TYPE_` varchar(255) COLLATE utf8_bin DEFAULT NULL,
  `USER_ID_` varchar(255) COLLATE utf8_bin DEFAULT NULL,
  `TASK_ID_` varchar(64) COLLATE utf8_bin DEFAULT NULL,
  `PROC_INST_ID_` varchar(64) COLLATE utf8_bin DEFAULT NULL,
  `PROC_DEF_ID_` varchar(64) COLLATE utf8_bin DEFAULT NULL,
  PRIMARY KEY (`ID_`),
  KEY `ACT_IDX_IDENT_LNK_USER` (`USER_ID_`),
  KEY `ACT_IDX_IDENT_LNK_GROUP` (`GROUP_ID_`),
  KEY `ACT_IDX_ATHRZ_PROCEDEF` (`PROC_DEF_ID_`),
  KEY `ACT_FK_TSKASS_TASK` (`TASK_ID_`),
  KEY `ACT_FK_IDL_PROCINST` (`PROC_INST_ID_`),
  CONSTRAINT `ACT_FK_ATHRZ_PROCEDEF` FOREIGN KEY (`PROC_DEF_ID_`) REFERENCES `act_re_procdef` (`ID_`),
  CONSTRAINT `ACT_FK_IDL_PROCINST` FOREIGN KEY (`PROC_INST_ID_`) REFERENCES `act_ru_execution` (`ID_`),
  CONSTRAINT `ACT_FK_TSKASS_TASK` FOREIGN KEY (`TASK_ID_`) REFERENCES `act_ru_task` (`ID_`)
) ENGINE=InnoDB DEFAULT CHARSET=utf8 COLLATE=utf8_bin;

-- ----------------------------
-- Records of act_ru_identitylink
-- ----------------------------

-- ----------------------------
-- Table structure for act_ru_job
-- ----------------------------
DROP TABLE IF EXISTS `act_ru_job`;
CREATE TABLE `act_ru_job` (
  `ID_` varchar(64) COLLATE utf8_bin NOT NULL,
  `REV_` int(11) DEFAULT NULL,
  `TYPE_` varchar(255) COLLATE utf8_bin NOT NULL,
  `LOCK_EXP_TIME_` timestamp(3) NULL DEFAULT NULL,
  `LOCK_OWNER_` varchar(255) COLLATE utf8_bin DEFAULT NULL,
  `EXCLUSIVE_` tinyint(1) DEFAULT NULL,
  `EXECUTION_ID_` varchar(64) COLLATE utf8_bin DEFAULT NULL,
  `PROCESS_INSTANCE_ID_` varchar(64) COLLATE utf8_bin DEFAULT NULL,
  `PROC_DEF_ID_` varchar(64) COLLATE utf8_bin DEFAULT NULL,
  `RETRIES_` int(11) DEFAULT NULL,
  `EXCEPTION_STACK_ID_` varchar(64) COLLATE utf8_bin DEFAULT NULL,
  `EXCEPTION_MSG_` varchar(4000) COLLATE utf8_bin DEFAULT NULL,
  `DUEDATE_` timestamp(3) NULL DEFAULT NULL,
  `REPEAT_` varchar(255) COLLATE utf8_bin DEFAULT NULL,
  `HANDLER_TYPE_` varchar(255) COLLATE utf8_bin DEFAULT NULL,
  `HANDLER_CFG_` varchar(4000) COLLATE utf8_bin DEFAULT NULL,
  `TENANT_ID_` varchar(255) COLLATE utf8_bin DEFAULT '',
  PRIMARY KEY (`ID_`),
  KEY `ACT_FK_JOB_EXCEPTION` (`EXCEPTION_STACK_ID_`),
  CONSTRAINT `ACT_FK_JOB_EXCEPTION` FOREIGN KEY (`EXCEPTION_STACK_ID_`) REFERENCES `act_ge_bytearray` (`ID_`)
) ENGINE=InnoDB DEFAULT CHARSET=utf8 COLLATE=utf8_bin;

-- ----------------------------
-- Records of act_ru_job
-- ----------------------------

-- ----------------------------
-- Table structure for act_ru_task
-- ----------------------------
DROP TABLE IF EXISTS `act_ru_task`;
CREATE TABLE `act_ru_task` (
  `ID_` varchar(64) COLLATE utf8_bin NOT NULL DEFAULT '',
  `REV_` int(11) DEFAULT NULL,
  `EXECUTION_ID_` varchar(64) COLLATE utf8_bin DEFAULT NULL,
  `PROC_INST_ID_` varchar(64) COLLATE utf8_bin DEFAULT NULL,
  `PROC_DEF_ID_` varchar(64) COLLATE utf8_bin DEFAULT NULL,
  `NAME_` varchar(255) COLLATE utf8_bin DEFAULT NULL,
  `PARENT_TASK_ID_` varchar(64) COLLATE utf8_bin DEFAULT NULL,
  `DESCRIPTION_` varchar(4000) COLLATE utf8_bin DEFAULT NULL,
  `TASK_DEF_KEY_` varchar(255) COLLATE utf8_bin DEFAULT NULL,
  `OWNER_` varchar(255) COLLATE utf8_bin DEFAULT NULL,
  `ASSIGNEE_` varchar(255) COLLATE utf8_bin DEFAULT NULL,
  `DELEGATION_` varchar(64) COLLATE utf8_bin DEFAULT NULL,
  `PRIORITY_` int(11) DEFAULT NULL,
  `CREATE_TIME_` timestamp(3) NULL DEFAULT NULL,
  `DUE_DATE_` datetime(3) DEFAULT NULL,
  `CATEGORY_` varchar(255) COLLATE utf8_bin DEFAULT NULL,
  `SUSPENSION_STATE_` int(11) DEFAULT NULL,
  `TENANT_ID_` varchar(255) COLLATE utf8_bin DEFAULT '',
  `FORM_KEY_` varchar(255) COLLATE utf8_bin DEFAULT NULL,
  PRIMARY KEY (`ID_`),
  KEY `ACT_IDX_TASK_CREATE` (`CREATE_TIME_`),
  KEY `ACT_FK_TASK_EXE` (`EXECUTION_ID_`),
  KEY `ACT_FK_TASK_PROCINST` (`PROC_INST_ID_`),
  KEY `ACT_FK_TASK_PROCDEF` (`PROC_DEF_ID_`),
  CONSTRAINT `ACT_FK_TASK_EXE` FOREIGN KEY (`EXECUTION_ID_`) REFERENCES `act_ru_execution` (`ID_`),
  CONSTRAINT `ACT_FK_TASK_PROCDEF` FOREIGN KEY (`PROC_DEF_ID_`) REFERENCES `act_re_procdef` (`ID_`),
  CONSTRAINT `ACT_FK_TASK_PROCINST` FOREIGN KEY (`PROC_INST_ID_`) REFERENCES `act_ru_execution` (`ID_`)
) ENGINE=InnoDB DEFAULT CHARSET=utf8 COLLATE=utf8_bin;

-- ----------------------------
-- Records of act_ru_task
-- ----------------------------

-- ----------------------------
-- Table structure for act_ru_variable
-- ----------------------------
DROP TABLE IF EXISTS `act_ru_variable`;
CREATE TABLE `act_ru_variable` (
  `ID_` varchar(64) COLLATE utf8_bin NOT NULL,
  `REV_` int(11) DEFAULT NULL,
  `TYPE_` varchar(255) COLLATE utf8_bin NOT NULL,
  `NAME_` varchar(255) COLLATE utf8_bin NOT NULL,
  `EXECUTION_ID_` varchar(64) COLLATE utf8_bin DEFAULT NULL,
  `PROC_INST_ID_` varchar(64) COLLATE utf8_bin DEFAULT NULL,
  `TASK_ID_` varchar(64) COLLATE utf8_bin DEFAULT NULL,
  `BYTEARRAY_ID_` varchar(64) COLLATE utf8_bin DEFAULT NULL,
  `DOUBLE_` double DEFAULT NULL,
  `LONG_` bigint(20) DEFAULT NULL,
  `TEXT_` varchar(4000) COLLATE utf8_bin DEFAULT NULL,
  `TEXT2_` varchar(4000) COLLATE utf8_bin DEFAULT NULL,
  PRIMARY KEY (`ID_`),
  KEY `ACT_IDX_VARIABLE_TASK_ID` (`TASK_ID_`),
  KEY `ACT_FK_VAR_EXE` (`EXECUTION_ID_`),
  KEY `ACT_FK_VAR_PROCINST` (`PROC_INST_ID_`),
  KEY `ACT_FK_VAR_BYTEARRAY` (`BYTEARRAY_ID_`),
  CONSTRAINT `ACT_FK_VAR_BYTEARRAY` FOREIGN KEY (`BYTEARRAY_ID_`) REFERENCES `act_ge_bytearray` (`ID_`),
  CONSTRAINT `ACT_FK_VAR_EXE` FOREIGN KEY (`EXECUTION_ID_`) REFERENCES `act_ru_execution` (`ID_`),
  CONSTRAINT `ACT_FK_VAR_PROCINST` FOREIGN KEY (`PROC_INST_ID_`) REFERENCES `act_ru_execution` (`ID_`)
) ENGINE=InnoDB DEFAULT CHARSET=utf8 COLLATE=utf8_bin;

-- ----------------------------
-- Records of act_ru_variable
-- ----------------------------

-- ----------------------------
-- Table structure for attd_approve_info
-- ----------------------------
DROP TABLE IF EXISTS `attd_approve_info`;
CREATE TABLE `attd_approve_info` (
  `id` int(11) NOT NULL AUTO_INCREMENT COMMENT '',
  `emp_id` int(11) NOT NULL COMMENT '-',
  `approve_days` double(11,2) NOT NULL COMMENT '',
  `approve_content` varchar(255) DEFAULT NULL COMMENT '',
  `approve_remark` varchar(255) DEFAULT NULL COMMENT '',
  `approve_type` int(11) NOT NULL COMMENT ' 1- 2- 3-',
  `approve_time_start` datetime NOT NULL COMMENT '',
  `approve_time_end` datetime NOT NULL COMMENT '',
  `create_time` datetime NOT NULL DEFAULT CURRENT_TIMESTAMP COMMENT '',
  `approve_state` int(11) NOT NULL COMMENT ' 0- 1- 2- 3- 4-',
  `update_time` datetime NOT NULL COMMENT '',
  PRIMARY KEY (`id`)
) ENGINE=InnoDB AUTO_INCREMENT=8 DEFAULT CHARSET=utf8;

-- ----------------------------
-- Records of attd_approve_info
-- ----------------------------
INSERT INTO `attd_approve_info` VALUES ('4', '10', '1.00', '1', '1', '1', '2018-04-20 00:00:00', '2018-04-21 00:00:00', '2018-04-19 23:19:40', '3', '2018-04-19 23:19:40');
INSERT INTO `attd_approve_info` VALUES ('6', '10', '1.00', '11', '222', '1', '2018-04-21 00:00:00', '2018-04-22 00:00:00', '2018-04-20 12:14:02', '3', '2018-04-20 12:14:02');
INSERT INTO `attd_approve_info` VALUES ('7', '10', '3.00', '2323', '3232', '1', '2018-04-21 00:00:00', '2018-04-23 00:00:00', '2018-04-20 13:31:16', '3', '2018-04-20 13:31:16');

-- ----------------------------
-- Table structure for attd_approve_list
-- ----------------------------
DROP TABLE IF EXISTS `attd_approve_list`;
CREATE TABLE `attd_approve_list` (
  `id` int(11) NOT NULL AUTO_INCREMENT COMMENT '',
  `emp_id` int(11) NOT NULL COMMENT '',
  `annotation` varchar(255) DEFAULT NULL COMMENT '',
  `create_time` datetime NOT NULL COMMENT '',
  `a_a_info_id` int(11) NOT NULL COMMENT 'ID',
  PRIMARY KEY (`id`)
) ENGINE=InnoDB AUTO_INCREMENT=12 DEFAULT CHARSET=utf8;

-- ----------------------------
-- Records of attd_approve_list
-- ----------------------------
INSERT INTO `attd_approve_list` VALUES ('2', '1', '123132qweqwe', '2018-04-20 10:15:28', '1');
INSERT INTO `attd_approve_list` VALUES ('3', '10', 'qweqweqw', '2018-04-20 10:31:54', '4');
INSERT INTO `attd_approve_list` VALUES ('4', '2', '', '2018-04-20 10:34:29', '4');
INSERT INTO `attd_approve_list` VALUES ('5', '3', '', '2018-04-20 10:36:11', '4');
INSERT INTO `attd_approve_list` VALUES ('6', '1', '', '2018-04-20 11:20:08', '4');
INSERT INTO `attd_approve_list` VALUES ('7', '2', '', '2018-04-20 13:30:02', '6');
INSERT INTO `attd_approve_list` VALUES ('8', '3', '', '2018-04-20 13:30:50', '6');
INSERT INTO `attd_approve_list` VALUES ('9', '2', '', '2018-04-20 13:32:21', '7');
INSERT INTO `attd_approve_list` VALUES ('10', '3', '', '2018-04-20 13:33:20', '7');
INSERT INTO `attd_approve_list` VALUES ('11', '1', '', '2018-04-20 13:35:40', '7');

-- ----------------------------
-- Table structure for attendance
-- ----------------------------
DROP TABLE IF EXISTS `attendance`;
CREATE TABLE `attendance` (
  `id` int(11) NOT NULL AUTO_INCREMENT COMMENT '',
  `emp_id` int(11) NOT NULL COMMENT '',
  `attd_state` int(11) NOT NULL COMMENT ' - 1 () - 2  - 3  - 4  - 5  - 6  - 7  - 8  - 9 ',
  `create_time` datetime NOT NULL DEFAULT CURRENT_TIMESTAMP COMMENT '',
  PRIMARY KEY (`id`)
) ENGINE=InnoDB AUTO_INCREMENT=36 DEFAULT CHARSET=utf8;

-- ----------------------------
-- Records of attendance
-- ----------------------------
INSERT INTO `attendance` VALUES ('8', '1', '1', '2018-03-29 21:56:16');
INSERT INTO `attendance` VALUES ('9', '1', '4', '2018-03-29 21:56:34');
INSERT INTO `attendance` VALUES ('11', '3', '2', '2018-03-11 14:00:00');
INSERT INTO `attendance` VALUES ('12', '3', '3', '2018-03-12 09:00:00');
INSERT INTO `attendance` VALUES ('13', '3', '4', '2018-03-13 18:00:00');
INSERT INTO `attendance` VALUES ('14', '3', '5', '2018-03-14 08:30:00');
INSERT INTO `attendance` VALUES ('15', '3', '8', '2018-03-15 00:00:00');
INSERT INTO `attendance` VALUES ('28', '1', '1', '2018-03-31 23:50:00');
INSERT INTO `attendance` VALUES ('29', '2', '1', '2018-03-31 23:50:00');
INSERT INTO `attendance` VALUES ('30', '3', '1', '2018-03-31 23:50:00');
INSERT INTO `attendance` VALUES ('31', '9', '1', '2018-03-31 23:50:00');
INSERT INTO `attendance` VALUES ('32', '1', '1', '2018-04-19 23:50:00');
INSERT INTO `attendance` VALUES ('33', '2', '1', '2018-04-19 23:50:00');
INSERT INTO `attendance` VALUES ('34', '3', '1', '2018-04-19 23:50:00');
INSERT INTO `attendance` VALUES ('35', '9', '1', '2018-04-19 23:50:00');

-- ----------------------------
-- Table structure for contract
-- ----------------------------
DROP TABLE IF EXISTS `contract`;
CREATE TABLE `contract` (
  `id` int(11) NOT NULL AUTO_INCREMENT COMMENT '',
  `emp_id` int(11) NOT NULL COMMENT '',
  `contract_url` varchar(255) NOT NULL COMMENT '',
  `contract_name` varchar(255) NOT NULL COMMENT '',
  `create_user_id` int(11) NOT NULL COMMENT '',
  `create_time` datetime NOT NULL DEFAULT CURRENT_TIMESTAMP COMMENT '',
  `modify_user_id` int(11) NOT NULL COMMENT 'ID',
  `modify_time` datetime NOT NULL COMMENT '',
  PRIMARY KEY (`id`)
) ENGINE=InnoDB AUTO_INCREMENT=9 DEFAULT CHARSET=utf8;

-- ----------------------------
-- Records of contract
-- ----------------------------
INSERT INTO `contract` VALUES ('8', '9', 'F:/graduationdoc/empContract/1ee.docx', '1ee.docx', '1', '2018-03-25 15:25:44', '1', '2018-03-25 15:25:44');

-- ----------------------------
-- Table structure for department
-- ----------------------------
DROP TABLE IF EXISTS `department`;
CREATE TABLE `department` (
  `id` int(11) NOT NULL AUTO_INCREMENT COMMENT '',
  `dept_code` varchar(255) NOT NULL COMMENT '',
  `deptname` varchar(255) NOT NULL COMMENT '',
  `deptinfo` varchar(255) DEFAULT NULL COMMENT '',
  `create_time` datetime NOT NULL DEFAULT CURRENT_TIMESTAMP COMMENT '',
  `is_dis` int(11) NOT NULL DEFAULT '1' COMMENT '-1-2-',
  PRIMARY KEY (`id`)
) ENGINE=InnoDB AUTO_INCREMENT=13 DEFAULT CHARSET=utf8;

-- ----------------------------
-- Records of department
-- ----------------------------
INSERT INTO `department` VALUES ('1', '01', '', null, '2018-03-07 16:53:34', '1');
INSERT INTO `department` VALUES ('2', '02', '', null, '2018-03-07 16:54:08', '1');
INSERT INTO `department` VALUES ('3', '03', '', null, '2018-03-07 16:54:13', '2');
INSERT INTO `department` VALUES ('4', '04', '', null, '2018-03-07 16:54:46', '1');
INSERT INTO `department` VALUES ('5', '05', '', null, '2018-03-07 16:54:52', '1');
INSERT INTO `department` VALUES ('6', '06', '', null, '2018-03-07 16:55:08', '1');
INSERT INTO `department` VALUES ('7', '0205', '', '', '2018-03-07 17:10:51', '1');
INSERT INTO `department` VALUES ('8', '0210', '', '', '2018-03-07 17:11:00', '1');
INSERT INTO `department` VALUES ('9', '0211', '', '', '2018-03-07 17:11:07', '1');
INSERT INTO `department` VALUES ('10', '0212', '', '', '2018-03-07 17:11:15', '1');
INSERT INTO `department` VALUES ('11', '0301', '', '', '2018-03-07 17:11:37', '1');
INSERT INTO `department` VALUES ('12', '0302', '', '', '2018-03-07 17:11:50', '1');

-- ----------------------------
-- Table structure for employee
-- ----------------------------
DROP TABLE IF EXISTS `employee`;
CREATE TABLE `employee` (
  `id` int(11) NOT NULL AUTO_INCREMENT COMMENT '',
  `emp_code` varchar(255) NOT NULL COMMENT '',
  `loginname` varchar(255) NOT NULL COMMENT '',
  `password` varchar(255) NOT NULL COMMENT '',
  `realname` varchar(255) DEFAULT NULL COMMENT '',
  `entry_time` date NOT NULL COMMENT '',
  `jobpos_id` int(11) NOT NULL COMMENT '',
  `register_time` datetime NOT NULL DEFAULT CURRENT_TIMESTAMP COMMENT '',
  PRIMARY KEY (`id`)
) ENGINE=InnoDB AUTO_INCREMENT=11 DEFAULT CHARSET=utf8;

-- ----------------------------
-- Records of employee
-- ----------------------------
INSERT INTO `employee` VALUES ('1', '001', 'admin', '123456', 'guo', '2018-03-09', '1', '2018-03-09 11:38:41');
INSERT INTO `employee` VALUES ('2', '002', 'test1', 'test1', 'test1', '2018-03-07', '17', '2018-03-10 23:59:00');
INSERT INTO `employee` VALUES ('3', '003', 'test2', 'test2', 'test2', '2018-03-24', '9', '2018-03-23 22:17:07');
INSERT INTO `employee` VALUES ('9', '004', '1ee', '1ee', '1ee', '2018-03-13', '2', '2018-03-25 15:25:30');
INSERT INTO `employee` VALUES ('10', '005', 'ttxxx', 'ttxxx', 'ttxxx222', '2018-04-19', '21', '2018-04-19 23:18:53');

-- ----------------------------
-- Table structure for emp_friend
-- ----------------------------
DROP TABLE IF EXISTS `emp_friend`;
CREATE TABLE `emp_friend` (
  `id` int(11) NOT NULL AUTO_INCREMENT COMMENT '',
  `emp_id1` int(11) NOT NULL COMMENT '1',
  `emp_id2` int(11) NOT NULL COMMENT '2',
  `fri_state` int(11) NOT NULL DEFAULT '0' COMMENT ' 0- 1-',
  `create_time` datetime NOT NULL DEFAULT CURRENT_TIMESTAMP COMMENT '',
  `update_time` datetime NOT NULL DEFAULT CURRENT_TIMESTAMP COMMENT '',
  PRIMARY KEY (`id`)
) ENGINE=InnoDB DEFAULT CHARSET=utf8;

-- ----------------------------
-- Records of emp_friend
-- ----------------------------

-- ----------------------------
-- Table structure for emp_friend_info
-- ----------------------------
DROP TABLE IF EXISTS `emp_friend_info`;
CREATE TABLE `emp_friend_info` (
  `id` int(11) NOT NULL AUTO_INCREMENT COMMENT '',
  `emp_fri_id` int(11) NOT NULL COMMENT '',
  `emp_id` int(11) NOT NULL COMMENT '',
  `chat_info` varchar(255) NOT NULL COMMENT ' - ',
  `create_time` datetime NOT NULL DEFAULT CURRENT_TIMESTAMP COMMENT '',
  PRIMARY KEY (`id`)
) ENGINE=InnoDB DEFAULT CHARSET=utf8;

-- ----------------------------
-- Records of emp_friend_info
-- ----------------------------

-- ----------------------------
-- Table structure for jobpos
-- ----------------------------
DROP TABLE IF EXISTS `jobpos`;
CREATE TABLE `jobpos` (
  `id` int(11) NOT NULL AUTO_INCREMENT COMMENT '',
  `jobpos_name` varchar(255) NOT NULL COMMENT '',
  `jobpos_code` varchar(255) NOT NULL COMMENT '',
  `jobpos_level` varchar(255) NOT NULL COMMENT '',
  `dept_id` int(11) NOT NULL COMMENT '',
  `create_time` datetime NOT NULL DEFAULT CURRENT_TIMESTAMP COMMENT '',
  PRIMARY KEY (`id`)
) ENGINE=InnoDB AUTO_INCREMENT=68 DEFAULT CHARSET=utf8;

-- ----------------------------
-- Records of jobpos
-- ----------------------------
INSERT INTO `jobpos` VALUES ('1', '', '0101', 'D2', '1', '2018-03-07 17:07:08');
INSERT INTO `jobpos` VALUES ('2', '', '010101', 'B3', '1', '2018-03-07 17:07:51');
INSERT INTO `jobpos` VALUES ('3', '', '0102', 'D1', '1', '2018-03-07 17:08:05');
INSERT INTO `jobpos` VALUES ('4', '', '010201', 'B2', '1', '2018-03-07 17:08:12');
INSERT INTO `jobpos` VALUES ('5', '', '0103', 'C3', '1', '2018-03-07 17:08:31');
INSERT INTO `jobpos` VALUES ('6', '', '010301', 'B2', '1', '2018-03-07 17:08:57');
INSERT INTO `jobpos` VALUES ('7', '', '0104', 'C2', '1', '2018-03-07 17:09:10');
INSERT INTO `jobpos` VALUES ('8', '', '010401', 'B1', '1', '2018-03-07 17:09:25');
INSERT INTO `jobpos` VALUES ('9', '', '0201', 'C2', '2', '2018-03-07 17:09:36');
INSERT INTO `jobpos` VALUES ('10', '', '0202', 'C1', '2', '2018-03-07 17:13:48');
INSERT INTO `jobpos` VALUES ('11', '', '020501', 'B2', '7', '2018-03-07 17:14:22');
INSERT INTO `jobpos` VALUES ('12', '-', '020500001', 'A1', '7', '2018-03-07 17:16:39');
INSERT INTO `jobpos` VALUES ('13', '-', '020500002', 'A2', '7', '2018-03-07 17:17:09');
INSERT INTO `jobpos` VALUES ('14', '-', '020500003', 'A3', '7', '2018-03-07 17:17:11');
INSERT INTO `jobpos` VALUES ('15', '-', '020500004', 'A4', '7', '2018-03-07 17:17:13');
INSERT INTO `jobpos` VALUES ('16', '-', '020500005', 'A5', '7', '2018-03-07 17:17:14');
INSERT INTO `jobpos` VALUES ('17', '', '021001', 'B2', '8', '2018-03-07 17:18:18');
INSERT INTO `jobpos` VALUES ('18', '-', '021000001', 'A1', '8', '2018-03-07 17:18:59');
INSERT INTO `jobpos` VALUES ('19', '-', '021000002', 'A2', '8', '2018-03-07 17:19:04');
INSERT INTO `jobpos` VALUES ('20', '-', '021000003', 'A3', '8', '2018-03-07 17:19:04');
INSERT INTO `jobpos` VALUES ('21', '-', '021000004', 'A4', '8', '2018-03-07 17:19:05');
INSERT INTO `jobpos` VALUES ('22', '-', '021000005', 'A5', '8', '2018-03-07 17:19:06');
INSERT INTO `jobpos` VALUES ('23', '', '021101', 'B2', '9', '2018-03-07 17:20:48');
INSERT INTO `jobpos` VALUES ('24', '-', '021100001', 'A1', '9', '2018-03-07 17:20:49');
INSERT INTO `jobpos` VALUES ('25', '-', '021100002', 'A2', '9', '2018-03-07 17:20:49');
INSERT INTO `jobpos` VALUES ('26', '-', '021100003', 'A3', '9', '2018-03-07 17:20:50');
INSERT INTO `jobpos` VALUES ('27', '-', '021100004', 'A4', '9', '2018-03-07 17:20:50');
INSERT INTO `jobpos` VALUES ('28', '-', '021100005', 'A5', '9', '2018-03-07 17:20:56');
INSERT INTO `jobpos` VALUES ('29', '', '021201', 'B2', '10', '2018-03-07 17:22:10');
INSERT INTO `jobpos` VALUES ('30', '-', '021200001', 'A1', '10', '2018-03-07 17:22:10');
INSERT INTO `jobpos` VALUES ('31', '-', '021200002', 'A2', '10', '2018-03-07 17:22:10');
INSERT INTO `jobpos` VALUES ('32', '-', '021200003', 'A3', '10', '2018-03-07 17:22:11');
INSERT INTO `jobpos` VALUES ('33', '-', '021200004', 'A4', '10', '2018-03-07 17:22:11');
INSERT INTO `jobpos` VALUES ('34', '-', '021200005', 'A5', '10', '2018-03-07 17:22:15');
INSERT INTO `jobpos` VALUES ('35', '', '030101', 'B2', '11', '2018-03-07 17:23:44');
INSERT INTO `jobpos` VALUES ('36', '-', '030100001', 'A1', '11', '2018-03-07 17:23:44');
INSERT INTO `jobpos` VALUES ('37', '-', '030100002', 'A2', '11', '2018-03-07 17:23:44');
INSERT INTO `jobpos` VALUES ('38', '-', '030100003', 'A3', '11', '2018-03-07 17:23:45');
INSERT INTO `jobpos` VALUES ('39', '-', '030100004', 'A4', '11', '2018-03-07 17:23:45');
INSERT INTO `jobpos` VALUES ('40', '-', '030100005', 'A5', '11', '2018-03-07 17:23:46');
INSERT INTO `jobpos` VALUES ('41', '', '030201', 'B2', '12', '2018-03-07 17:25:10');
INSERT INTO `jobpos` VALUES ('42', '-', '030200001', 'A1', '12', '2018-03-07 17:25:11');
INSERT INTO `jobpos` VALUES ('43', '-', '030200002', 'A2', '12', '2018-03-07 17:25:11');
INSERT INTO `jobpos` VALUES ('44', '-', '030200003', 'A3', '12', '2018-03-07 17:25:11');
INSERT INTO `jobpos` VALUES ('45', '-', '030200004', 'A4', '12', '2018-03-07 17:25:11');
INSERT INTO `jobpos` VALUES ('46', '-', '030200005', 'A5', '12', '2018-03-07 17:25:12');
INSERT INTO `jobpos` VALUES ('47', '', '040101', 'B2', '4', '2018-03-07 17:27:05');
INSERT INTO `jobpos` VALUES ('48', '', '040102', 'B1', '4', '2018-03-07 17:27:32');
INSERT INTO `jobpos` VALUES ('49', '-', '040100001', 'A1', '4', '2018-03-07 17:27:46');
INSERT INTO `jobpos` VALUES ('50', '-', '040100002', 'A2', '4', '2018-03-07 17:27:46');
INSERT INTO `jobpos` VALUES ('51', '-', '040100003', 'A3', '4', '2018-03-07 17:27:46');
INSERT INTO `jobpos` VALUES ('52', '-', '040100004', 'A4', '4', '2018-03-07 17:27:46');
INSERT INTO `jobpos` VALUES ('53', '-', '040100005', 'A5', '4', '2018-03-07 17:27:47');
INSERT INTO `jobpos` VALUES ('54', '', '050101', 'B2', '5', '2018-03-07 17:28:45');
INSERT INTO `jobpos` VALUES ('55', '', '050102', 'B1', '5', '2018-03-07 17:28:46');
INSERT INTO `jobpos` VALUES ('56', '-', '050100001', 'A1', '5', '2018-03-07 17:28:46');
INSERT INTO `jobpos` VALUES ('57', '-', '050100002', 'A2', '5', '2018-03-07 17:28:46');
INSERT INTO `jobpos` VALUES ('58', '-', '050100003', 'A3', '5', '2018-03-07 17:28:46');
INSERT INTO `jobpos` VALUES ('59', '-', '050100004', 'A4', '5', '2018-03-07 17:28:46');
INSERT INTO `jobpos` VALUES ('60', '-', '050100005', 'A5', '5', '2018-03-07 17:28:50');
INSERT INTO `jobpos` VALUES ('61', '', '060101', 'B2', '6', '2018-03-07 17:28:56');
INSERT INTO `jobpos` VALUES ('62', '', '060102', 'B1', '6', '2018-03-07 17:28:56');
INSERT INTO `jobpos` VALUES ('63', '-', '060100001', 'A1', '6', '2018-03-07 17:28:56');
INSERT INTO `jobpos` VALUES ('64', '-', '060100002', 'A2', '6', '2018-03-07 17:28:57');
INSERT INTO `jobpos` VALUES ('65', '-', '060100003', 'A3', '6', '2018-03-07 17:28:57');
INSERT INTO `jobpos` VALUES ('66', '-', '060100004', 'A4', '6', '2018-03-07 17:28:57');
INSERT INTO `jobpos` VALUES ('67', '-', '060100005', 'A5', '6', '2018-03-07 17:28:57');

-- ----------------------------
-- Table structure for jobs_manage
-- ----------------------------
DROP TABLE IF EXISTS `jobs_manage`;
CREATE TABLE `jobs_manage` (
  `id` int(11) NOT NULL AUTO_INCREMENT COMMENT '',
  `create_user_id` int(11) NOT NULL COMMENT '',
  `work_user_id` int(11) NOT NULL COMMENT '',
  `job_info` varchar(255) NOT NULL COMMENT '',
  `job_state` int(11) NOT NULL COMMENT ' 0- 1- 2- 3- 4-',
  `create_time` datetime NOT NULL DEFAULT CURRENT_TIMESTAMP COMMENT '',
  `update_time` datetime NOT NULL DEFAULT CURRENT_TIMESTAMP COMMENT '',
  `job_work_info` varchar(500) NOT NULL COMMENT '',
  PRIMARY KEY (`id`)
) ENGINE=InnoDB DEFAULT CHARSET=utf8;

-- ----------------------------
-- Records of jobs_manage
-- ----------------------------
